Workbook

Sheet POSTAVKE
A1: POSTAVKE MODELA
A3: Datum izvještaja | B3: 46268
A4: Datum prethodnog izvoza | B4: 46265
A5: Tranzit iz Kine (mjeseci) | B5: 4
A6: Sigurnosni prag (mjeseci) | B6: 5
A7: Broj završenih mjeseci prodaje | B7: 8
A9: Žuta polja se ručno mijenjaju. Sve ostalo se računa automatski.
A10: Prosjek se računa samo iz ZAVRŠENIH mjeseci (POSTAVKE B7).

Sheet PODACI_ZALIHE
A1: Artikal | B1: Naziv artikla | C1: Sifra dob. | D1: Naziv dobavljaca | E1: Zaliha prethodno | F1: Zaliha | G1: Izvor
A2: 16958 | B2: KERAMIČKI OVLAŽIVAČ ZRAKA ZA RADIJATOR 20x8.5x3.5 cm | E2: 1595 | F2: 1595
A3: 00617 | B3: MIJEŠALICA ZA SUDOPER PROTOČNI BOJLER | C3: 2974 | D3: TAIZHOU MINUOTE SANITARY WARES CO.,LTD. | E3: 932 | F3: 932
A4: 00836 | B4: GL11428 SIFON ZA TUŠ KADU LUX 60 mm | C4: 3291 | D4: TEHNOEXPORT D.O.O. | E4: 664 | F4: 561
A5: 16856 | B5: MOHO WC MONOBLOK PODNI ODVOD 665x375x725 mm | E5: 526 | F5: 526
A6: 18749 | B6: ZIDNI PANEL PVC NATURAL HRAST 3000x200x5 mm | C6: 6931 | D6: INTCO INTERNATIONAL (HK) CO., LIMITED | E6: 504 | F6: 503
A7: 00875 | B7: SET KOTAČIĆA ZA TUŠ KABINE 4/1 SW | C7: 4328 | D7: HANGZHOU DUHUI IMPORT AND EXPORT CO.,LTD | E7: 540 | F7: 500
A8: 044450 | B8: SIFON ZA UMIVAONIK 5/4 CRNI MESING | C8: 4826 | D8: TAIZHOU NIXI SANITARY WARE CO.,LTD | E8: 500 | F8: 500
A9: 00893 | B9: GLA011 PILETA ZA UMIVAONIK 5/4 | C9: 2974 | D9: TAIZHOU MINUOTE SANITARY WARES CO.,LTD. | E9: 489 | F9: 479
A10: 088939 | B10: PILETA UNIVERZALNA KROM 5/4 | E10: 453 | F10: 453
A11: 046203 | B11: ZELENA OBLOGA ZA ZID NATURA BOSCO | C11: 6931 | D11: INTCO INTERNATIONAL (HK) CO., LIMITED | E11: 405 | F11: 405
A12: 046205 | B12: ZELENA OBLOGA ZA ZID NATURA TERRANA | C12: 6931 | D12: INTCO INTERNATIONAL (HK) CO., LIMITED | E12: 405 | F12: 405
A13: 17173 | B13: NERO KUPAONSKA KUKICA ZA RUČNIK - CRNA | C13: 6458 | D13: BOJIA TRADING LIMITED | E13: 401 | F13: 401
A14: RDE320230 | B14: DASKA SOFT CLOSE ZA MOHO MONOBLOCK | C14: 6341 | D14: CORRAVENI INDUSTRIES CO., LTD. | E14: 380 | F14: 380
A15: 00720 | B15: KOTAČIĆI ZA TUŠ KABINE 4/1 | C15: 4328 | D15: HANGZHOU DUHUI IMPORT AND EXPORT CO.,LTD | E15: 385 | F15: 354
A16: 046204 | B16: ZELENA OBLOGA ZA ZID NATURA HERBA | C16: 6931 | D16: INTCO INTERNATIONAL (HK) CO., LIMITED | E16: 345 | F16: 345
A17: 046202 | B17: ZELENA OBLOGA ZA ZID VERDE FOREST | C17: 6931 | D17: INTCO INTERNATIONAL (HK) CO., LIMITED | E17: 335 | F17: 335
A18: 15399 | B18: PULSE 80 POLUKRUŽNA TUŠ KABINA 80X80X198 | C18: 6163 | D18: HANGZHOU TIANMEI INDUSTRY CO.,LTD | E18: 333 | F18: 321
A19: 17174 | B19: NERO DRŽAČ TOALETNOG PAPIRA - CRNI | C19: 6458 | D19: BOJIA TRADING LIMITED | E19: 311 | F19: 311
A20: 16935 | B20: ZOYA BLACK OGLEDALO R 80 cm | C20: 6032 | D20: HANGZHOU ZIHAN MIRROR INDUSTRY CO., LTD. | E20: 287 | F20: 282
A21: 16793 | B21: GL00099 FLEKSIBILNI SIFON TUS KADE LUX 110 SLIM | C21: 3291 | D21: TEHNOEXPORT D.O.O. | E21: 281 | F21: 281
A22: 15451 | B22: PULSE 90 POLUKRUŽNA TUŠ KABINA 90X90X198 | C22: 6163 | D22: HANGZHOU TIANMEI INDUSTRY CO.,LTD | E22: 304 | F22: 280
... A42: 00835 | B42: GL11427 SIFON ZA TUŠ KADU CLICK MESING | C42: 3291 | D42: TEHNOEXPORT D.O.O. | E42: 237 | F42: 190
A43: 088940 | B43: PILETA UNIVERZALNA BIJELA 5/4 | E43: 189 | F43: 188
A44: 15010 | B44: KUTNI PROFIL ZA PANELE 5 mm | E44: 187 | F44: 187
A45: 17177 | B45: NERO DRŽAČ WC ČETKE - CRNI | C45: 6458 | D45: BOJIA TRADING LIMITED | E45: 186 | F45: 186
A46: 15011 | B46: ZAVRŠNI PROFIL ZA PANELE 5 mm | E46: 184 | F46: 184
A47: 18242 | B47: GEA OGLEDALO D80 cm | C47: 6032 | D47: HANGZHOU ZIHAN MIRROR INDUSTRY CO., LTD. | E47: 170 | F47: 170
A48: 046200 | B48: ZELENA OBLOGA ZA ZID VERDE SELVA | C48: 6931 | D48: INTCO INTERNATIONAL (HK) CO., LIMITED | E48: 165 | F48: 165
A49: 00897 | B49: LYNN OGLEDALO S LED RASVJETOM 60x80 cm | C49: 5720 | D49: ZHEJIANG SUMMERSIDE SANITARY WARE TECHNOLOGY CO., LTD | E49: 169 | F49: 161
A50: 16855 | B50: MOHO WC MONOBLOK ZIDNI ODVOD 665x375x725 mm | E50: 161 | F50: 161
A51: 18241 | B51: GEA OGLEDALO D70 cm | C51: 6032 | D51: HANGZHOU ZIHAN MIRROR INDUSTRY CO., LTD. | E51: 170 | F51: 161
A52: 003977 | B52: VERONA 3u1 SET MIJEŠALICA | C52: 4053 | D52: TAIZHOU ZHENGSHING VALVE CO .,LTD | E52: 157 | F52: 157
A53: 17180 | B53: REFLECT DRŽAČ TOALETNOG PAPIRA - KROM | C53: 6458 | D53: BOJIA TRADING LIMITED | E53: 149 | F53: 149
A54: 18245 | B54: ZOYA GOLD OGLEDALO R 60 cm | C54: 6032 | D54: HANGZHOU ZIHAN MIRROR INDUSTRY CO., LTD. | E54: 147 | F54: 146
A55: 088941 | B55: PILETA UNIVERZALNA CRNA 5/4 | E55: 142 | F55: 142
A56: 17192 | B56: QUADRA VISEĆA ŠKOLJKA S DASKOM RIMLESS 510x350x360 mm | E56: 141 | F56: 141
A57: 042127C | B57: SHINE C DIA 60 cm LED OGLEDALO SA SENZOROM POKRETA | C57: 6032 | D57: HANGZHOU ZIHAN MIRROR INDUSTRY CO., LTD. | E57: 142 | F57: 140
A58: 18732 | B58: MONDO L VISEĆA ŠKOLJKA S DASKOM - VORTEX 520x360x350 mm | C58: 7080 | D58: TANGSHAN KARCENT CERAMIC CO.,LTD | E58: 137 | F58: 137
A59: 002337 | B59: ESSEN MIJEŠALICA ZA KADU | C59: 6022 | D59: RUIAN HAIBA SANITARY CO.,LTD | E59: 133 | F59: 133
A60: 002499 | B60: PILETA 5/4 CLICKCLACK BEZ PRELJEVA | C60: 5808 | D60: TAIZHOU NIXI IMPORT & EXPORT CO., LTD. | E60: 209 | F60: 133
A61: 17216 | B61: IMOLA ZLATNA MIJEŠALICA ZA UMIVAONIK | E61: 131 | F61: 131
A62: 040113 | B62: AOSTA - MJEŠALICA ZA UMIVAONIK VISOKA | C62: 4053 | D62: TAIZHOU ZHENGSHING VALVE CO .,LTD | E62: 125 | F62: 125
A63: 17208 | B63: IMOLA KROM MIJEŠALICA ZA KADU | E63: 121 | F63: 121
A64: 18006 | B64: VETRO CR TRS 6mm ECO TUŠ STIJENA 140x200 | C64: 6762 | D64: ZHEJIANG QUICKLINE SHOWERING CO., LTD. | E64: 121 | F64: 121
A65: 002941 | B65: PADOVA TUŠ SET S MIJEŠALICOM | C65: 6022 | D65: RUIAN HAIBA SANITARY CO.,LTD | E65: 121 | F65: 120
A66: 15008 | B66: ZAVRŠNI PROFIL ZA PANELE 10 mm | E66: 119 | F66: 119
A67: 16023 | B67: TK RONDA 90 POLUKRUŽNA TUŠ KABINA 90x90x185 cm | C67: 6163 | D67: HANGZHOU TIANMEI INDUSTRY CO.,LTD | E67: 128 | F67: 119
A68: 17206 | B68: MESSINA VISOKA STOJEĆA MIJEŠALICA ZA SUDOPER | E68: 118 | F68: 118
A69: 18253 | B69: ATENA OGLEDALO S LED RASVJETOM D80 cm | C69: 6032 | D69: HANGZHOU ZIHAN MIRROR INDUSTRY CO., LTD. | E69: 115 | F69: 115
A70: 16787 | B70: AMELIA 120R HIDROMASAŽNA TUŠ KABINA 120x80x215cm (R) | C70: 6163 | D70: HANGZHOU TIANMEI INDUSTRY CO.,LTD | E70: 114 | F70: 112
A71: 0002301 | B71: DRŽAČ SAPUNA | C71: 4539 | D71: YUYAO ECHO SANITARY WARE CO.,LTD. | E71: 108 | F71: 108
A72: 044460 | B72: PILETA ZA UMIVAONIK BEZ PRELJEVA 5/4 CRNA | C72: 4826 | D72: TAIZHOU NIXI SANITARY WARE CO.,LTD | E72: 108 | F72: 108
A73: 044470 | B73: PILETA ZA UMIVAONIK BEZ PRELJEVA 5/4 BIJELA | C73: 4826 | D73: TAIZHOU NIXI SANITARY WARE CO.,LTD | E73: 108 | F73: 108
A74: 002515 | B74: TK NORENA 90 KVADRATNA TUŠ KABINA 90x90x195 cm | C74: 4328 | D74: HANGZHOU DUHUI IMPORT AND EXPORT CO.,LTD | E74: 106 | F74: 106
A75: 17213 | B75: IMOLA BIJELA MIJEŠALICA ZA UMIVAONIK | E75: 106 | F75: 106
A76: 00511 | B76: OGLEDALO GLN07 90x65 cm | C76: 2515 | D76: HANGZHOU ZHUGELAI JINGYI CO., LTD. | E76: 104 | F76: 104
A77: 16024 | B77: TK RONDA 80 KVADRATNA TUŠ KABINA 80x80x185 cm | C77: 6163 | D77: HANGZHOU TIANMEI INDUSTRY CO.,LTD | E77: 100 | F77: 99
A78: 002476 | B78: VERONA MIJEŠALICA ZA SUDOPER 3C H 27,5 cm | C78: 4053 | D78: TAIZHOU ZHENGSHING VALVE CO .,LTD | E78: 94 | F78: 94
A79: 16788 | B79: AMELIA 90 HIDROMASAŽNA TUŠ KABINA 90x90x215cm | C79: 6163 | D79: HANGZHOU TIANMEI INDUSTRY CO.,LTD | E79: 95 | F79: 94
A80: 17207 | B80: IMOLA KROM MIJEŠALICA ZA UMIVAONIK | E80: 94 | F80: 94
A81: 00635Y | B81: TK9078B TUŠ KABINA (7890)x(7890)x185 cm | C81: 5590 | D81: PINGHU YINUO SANITARY WARE CO.,LTD | E81: 100 | F81: 92
A82: 18015 | B82: VETRO BL TRS 6mm ECO TUŠ STIJENA 140x200 | C82: 6762 | D82: ZHEJIANG QUICKLINE SHOWERING CO., LTD. | E82: 92 | F82: 92
A83: 16025 | B83: TK RONDA 90 KVADRATNA TUŠ KABINA 90x90x185 cm | C83: 6163 | D83: HANGZHOU TIANMEI INDUSTRY CO.,LTD | E83: 91 | F83: 91
A84: 002514 | B84: JEDNORUČNA MJEŠALICA ZA HLADNU VODU | C84: 2974 | D84: TAIZHOU MINUOTE SANITARY WARES CO.,LTD. | E84: 100 | F84: 89
A85: 00522 | B85: OGLEDALO GLS5070 70x50 cm | C85: 2515 | D85: HANGZHOU ZHUGELAI JINGYI CO., LTD. | E85: 94 | F85: 89
A86: 15473 | B86: PERLA MIJEŠALICA ZA UMIVAONIK VISOKA | C86: 5150 | D86: ZHEJIANG VOLONG SANITARY WARES CO.,LTD. | E86: 89 | F86: 89
A87: 17215 | B87: IMOLA BIJELA MIJEŠALICA ZA TUŠ | E87: 88 | F87: 88
A88: 17218 | B88: IMOLA ZLATNA MIJEŠALICA ZA TUŠ | E88: 88 | F88: 88
A89: 00898 | B89: TIFFANY OGLEDALO S LED RASVJETOM 60x80 cm | C89: 5720 | D89: ZHEJIANG SUMMERSIDE SANITARY WARE TECHNOLOGY CO., LTD | E89: 86 | F89: 85
A90: 18438 | B90: ILLUMEA LED OGLEDALO 80x120 cm CCT 3000/4000/5000K | C90: 6032 | D90: HANGZHOU ZIHAN MIRROR INDUSTRY CO., LTD. | E90: 85 | F90: 85
A91: 17214 | B91: IMOLA BIJELA MIJEŠALICA ZA KADU | E91: 84 | F91: 84
A92: 002504 | B92: ČEPASTA GUMA MONDO 2899 | C92: 1181 | D92: PRIALPAS | E92: 82.5 | F92: 82.5
A93: 002338 | B93: ESSEN MIJEŠALICA ZA SUDOPER H 29 cm | C93: 6022 | D93: RUIAN HAIBA SANITARY CO.,LTD | E93: 82 | F93: 82
A94: 16934 | B94: FRAME OVAL B5080 OGLEDALO S LED RASVJETOM 50x80 cm | C94: 6032 | D94: HANGZHOU ZIHAN MIRROR INDUSTRY CO., LTD. | E94: 87 | F94: 81
A95: 16781 | B95: TK BRIGHT 90 POLUKRUŽNA TUŠ KABINA 90x90x180 cm | C95: 6163 | D95: HANGZHOU TIANMEI INDUSTRY CO.,LTD | E95: 91 | F95: 80
A96: 17217 | B96: IMOLA ZLATNA MIJEŠALICA ZA KADU | E96: 80 | F96: 80
A97: 172600 | B97: TK VIGO CHROME PRAVOKUTNA TUŠ KABINA 78-90x70-90x200 cm | C97: 6762 | D97: ZHEJIANG QUICKLINE SHOWERING CO., LTD. | E97: 97 | F97: 80
A98: 18252 | B98: ATENA OGLEDALO S LED RASVJETOM D70 cm | C98: 6032 | D98: HANGZHOU ZIHAN MIRROR INDUSTRY CO., LTD. | E98: 80 | F98: 80
A99: 00697 | B99: NIKTA JEDNORUČNA SLAVINA ZA HLADNU VODU | C99: 2974 | D99: TAIZHOU MINUOTE SANITARY WARES CO.,LTD. | E99: 79 | F99: 79
A100: 16088 | B100: IMPULSE LED OGLEDALO 120x80 cm | C100: 2515 | D100: HANGZHOU ZHUGELAI JINGYI CO., LTD. | E100: 80 | F100: 79
A101: 17202 | B101: SIMPLE MIJEŠALICA ZA BIDE | E101: 79 | F101: 79
A102: 17212 | B102: IMOLA CRNA MIJEŠALICA ZA TUŠ | E102: 79 | F102: 79
A103: 18244 | B103: ZOYA BLACK OGLEDALO R 60 cm | C103: 6032 | D103: HANGZHOU ZIHAN MIRROR INDUSTRY CO., LTD. | E103: 87 | F103: 78
A104: 003908 | B104: SIENA MJEŠALICA ZA KADU | C104: 4053 | D104: TAIZHOU ZHENGSHING VALVE CO .,LTD | E104: 77 | F104: 77
A105: 16059 | B105: TK SPRING 90 POLUKRUŽNA TUŠ KABINA 90x90x180 cm | C105: 2515 | D105: HANGZHOU ZHUGELAI JINGYI CO., LTD. | E105: 79 | F105: 77
A106: 16854 | B106: MONDO VISEĆI BIDE 490x370x320 mm | E106: 76 | F106: 76
A107: 17184 | B107: REFLECT DRŽAČ ZA DVA RUČNIKA 61 CM - KROM | C107: 6458 | D107: BOJIA TRADING LIMITED | E107: 76 | F107: 76
A108: 18437 | B108: ILLUMEA LED OGLEDALO 80x100 cm CCT 3000/4000/5000K | C108: 6032 | D108: HANGZHOU ZIHAN MIRROR INDUSTRY CO., LTD. | E108: 79 | F108: 76
A109: 00618 | B109: LINEA OGLEDALO S LED RASVJETOM 50x70 cm | C109: 5720 | D109: ZHEJIANG SUMMERSIDE SANITARY WARE TECHNOLOGY CO., LTD | E109: 89 | F109: 75
A110: 17211 | B110: IMOLA CRNA MIJEŠALICA ZA KADU | E110: 75 | F110: 75
A111: 002940 | B111: MILANO TUŠ SET S MIJEŠALICOM | C111: 6022 | D111: RUIAN HAIBA SANITARY CO.,LTD | E111: 74 | F111: 74
A112: 004030 | B112: SIENA MJEŠALICA ZA UMIVAONIK-VISOKA | C112: 4053 | D112: TAIZHOU ZHENGSHING VALVE CO .,LTD | E112: 74 | F112: 74
A113: 040112 | B113: AOSTA - MJEŠALICA ZA TUŠ | C113: 4053 | D113: TAIZHOU ZHENGSHING VALVE CO .,LTD | E113: 74 | F113: 74
A114: 00833 | B114: GL11423 SIFON ZA KADU EXCLUSIVE | C114: 3291 | D114: TEHNOEXPORT D.O.O. | E114: 76 | F114: 73
A115: 003210 | B115: VETRO LINEA 100 TUŠ STIJENA 100x200 cm | C115: 6762 | D115: ZHEJIANG QUICKLINE SHOWERING CO., LTD. | E115: 72 | F115: 72
A116: 004100230 | B116: LOGO PANEL ZA AMBIJENTU SIMPLY OTVORENI METALNI KRIŽ ZA KABINE | C116: 5842 | D116: STATOPLAST D.O.O. | E116: 72 | F116: 72
A117: 040110 | B117: AOSTA - MJEŠALICA ZA UMIVAONIK | C117: 4053 | D117: TAIZHOU ZHENGSHING VALVE CO .,LTD | E117: 72 | F117: 72
A118: 17258 | B118: VETRO SIDE CHROME TRS 30 PREKLOPNA VRATA ZA VETRO 30X200 cm | C118: 6762 | D118: ZHEJIANG QUICKLINE SHOWERING CO., LTD. | E118: 72 | F118: 72
A119: 18019 | B119: TK ROTA 90KV CHROME TUŠ KABINA 90x90x200cm | C119: 6762 | D119: ZHEJIANG QUICKLINE SHOWERING CO., LTD. | E119: 74 | F119: 72
...

Sheet PODACI_PRODAJA
A1: Artikal | B1: Siječanj | C1: Veljača | D1: Ožujak | E1: Travanj | F1: Svibanj | G1: Lipanj | H1: Srpanj | I1: Kolovoz | J1: Rujan | K1: Listopad | L1: Studeni | M1: Prosinac | N1: Prosjek/mj.
A2: 00836 | B2: 195 | C2: 251 | D2: 334 | E2: 325 | F2: 183 | G2: 276 | H2: 303 | I2: 245 | J2: 103 | K2: 0 | L2: 0 | M2: 0 | N2: =IFERROR(ROUND(SUM(OFFSET(B2,0,0,1,POSTAVKE!$B$7))/POSTAVKE!$B$7,2),0) -> 264
A3: 00835 | B3: 134 | C3: 73 | D3: 121 | E3: 121 | F3: 77 | G3: 108 | H3: 145 | I3: 97 | J3: 47 | K3: 0 | L3: 0 | M3: 0 | N3: =IFERROR(ROUND(SUM(OFFSET(B3,0,0,1,POSTAVKE!$B$7))/POSTAVKE!$B$7,2),0) -> 109.5
A4: 00834 | B4: 125 | C4: 102 | D4: 129 | E4: 124 | F4: 96 | G4: 154 | H4: 157 | I4: 121 | J4: 36 | K4: 0 | L4: 0 | M4: 0 | N4: =IFERROR(ROUND(SUM(OFFSET(B4,0,0,1,POSTAVKE!$B$7))/POSTAVKE!$B$7,2),0) -> 126
A5: 00875 | B5: 112 | C5: 196 | D5: 87 | E5: 114 | F5: 114 | G5: 111 | H5: 220 | I5: 206 | J5: 36 | K5: 0 | L5: 0 | M5: 0 | N5: =IFERROR(ROUND(SUM(OFFSET(B5,0,0,1,POSTAVKE!$B$7))/POSTAVKE!$B$7,2),0) -> 145
A6: 00850 | B6: 108 | C6: 58 | D6: 182 | E6: 132 | F6: 118 | G6: 171 | H6: 111 | I6: 108 | J6: 50 | K6: 0 | L6: 0 | M6: 0 | N6: =IFERROR(ROUND(SUM(OFFSET(B6,0,0,1,POSTAVKE!$B$7))/POSTAVKE!$B$7,2),0) -> 123.5
A7: 002499 | B7: 100 | C7: 88 | D7: 145 | E7: 182 | F7: 76 | G7: 15 | H7: 144 | I7: 147 | J7: 76 | K7: 0 | L7: 0 | M7: 0 | N7: =IFERROR(ROUND(SUM(OFFSET(B7,0,0,1,POSTAVKE!$B$7))/POSTAVKE!$B$7,2),0) -> 112.13
A8: 002336 | B8: 80 | C8: 91 | D8: 83 | E8: 131 | F8: 79 | G8: 76 | H8: 79 | I8: 71 | J8: 0 | K8: 0 | L8: 0 | M8: 0 | N8: =IFERROR(ROUND(SUM(OFFSET(B8,0,0,1,POSTAVKE!$B$7))/POSTAVKE!$B$7,2),0) -> 86.25
A9: 15451 | B9: 80 | C9: 42 | D9: 29 | E9: 20 | F9: 59 | G9: 74 | H9: 53 | I9: 56 | J9: 24 | K9: 0 | L9: 0 | M9: 0 | N9: =IFERROR(ROUND(SUM(OFFSET(B9,0,0,1,POSTAVKE!$B$7))/POSTAVKE!$B$7,2),0) -> 51.63
A10: 00837 | B10: 77 | C10: 121 | D10: 138 | E10: 163 | F10: 114 | G10: 126 | H10: 177 | I10: 120 | J10: 0 | K10: 0 | L10: 0 | M10: 0 | N10: =IFERROR(ROUND(SUM(OFFSET(B10,0,0,1,POSTAVKE!$B$7))/POSTAVKE!$B$7,2),0) -> 129.5
A11: 00849 | B11: 70 | C11: 44 | D11: 61 | E11: 54 | F11: 33 | G11: 35 | H11: 45 | I11: 50 | J11: 11 | K11: 0 | L11: 0 | M11: 0 | N11: =IFERROR(ROUND(SUM(OFFSET(B11,0,0,1,POSTAVKE!$B$7))/POSTAVKE!$B$7,2),0) -> 49
A12: 00720 | B12: 66 | C12: 43 | D12: 65 | E12: 80 | F12: 66 | G12: 98 | H12: 141 | I12: 106 | J12: 31 | K12: 0 | L12: 0 | M12: 0 | N12: =IFERROR(ROUND(SUM(OFFSET(B12,0,0,1,POSTAVKE!$B$7))/POSTAVKE!$B$7,2),0) -> 83.13
A13: 003227 | B13: 63 | C13: 36 | D13: 46 | E13: 39 | F13: 46 | G13: 34 | H13: 37 | I13: 40 | J13: 0 | K13: 0 | L13: 0 | M13: 0 | N13: =IFERROR(ROUND(SUM(OFFSET(B13,0,0,1,POSTAVKE!$B$7))/POSTAVKE!$B$7,2),0) -> 42.63
... A829: 827 | B829: 3285 | C829: 3701 | D829: 6689 | E829: 4533 | F829: 3829 | G829: 3762.32 | H829: 4206.4 | I829: 4008 | J829: 669 | K829: 0 | L829: 0 | M829: 0 | N829: =IFERROR(ROUND(SUM(OFFSET(B829,0,0,1,POSTAVKE!$B$7))/POSTAVKE!$B$7,2),0) -> 4251.72

Sheet ROBA_U_DOLASKU
A1: ROBA U DOLASKU
A2: Zuta polja se rucno unose. Do tri dolaska po artiklu.
A3: Mjeseci do dolaska: upisite svoj potvrdjeni podatak. Predlozak je datum narudzbe + tranzit.
A5: Artikal | B5: Kolicina | C5: Mjeseci do dolaska | D5: Ocekivani datum | E5: Sifra dob. | F5: Narudzba | G5: Napomena | H5: Rb.
A6: 002336 | B6: 300 | C6: 2.2 | D6: 46334 | F6: ND_7858 | H6: =IF(A6="","",COUNTIFS($A$6:$A$95,A6,$C$6:$C$95,"<"&C6)+COUNTIFS($A$6:A6,A6,$C$6:C6,C6)) -> 1
A7: 002940 | B7: 100 | C7: 2.2 | D7: 46334 | F7: ND_7858 | H7: =IF(A7="","",COUNTIFS($A$6:$A$95,A7,$C$6:$C$95,"<"&C7)+COUNTIFS($A$6:A7,A7,$C$6:C7,C7)) -> 1
A8: 002941 | B8: 152 | C8: 2.2 | D8: 46334 | F8: ND_7858 | H8: =IF(A8="","",COUNTIFS($A$6:$A$95,A8,$C$6:$C$95,"<"&C8)+COUNTIFS($A$6:A8,A8,$C$6:C8,C8)) -> 1
A9: 003213 | B9: 20 | C9: 1 | D9: 46298 | F9: ND_7821 | H9: =IF(A9="","",COUNTIFS($A$6:$A$95,A9,$C$6:$C$95,"<"&C9)+COUNTIFS($A$6:A9,A9,$C$6:C9,C9)) -> 1
A10: 003227 | B10: 100 | C10: 2.2 | D10: 46334 | F10: ND_7858 | H10: =IF(A10="","",COUNTIFS($A$6:$A$95,A10,$C$6:$C$95,"<"&C10)+COUNTIFS($A$6:A10,A10,$C$6:C10,C10)) -> 1
A11: 00618 | B11: 100 | C11: 2.2 | D11: 46334 | F11: ND_7857 | H11: =IF(A11="","",COUNTIFS($A$6:$A$95,A11,$C$6:$C$95,"<"&C11)+COUNTIFS($A$6:A11,A11,$C$6:C11,C11)) -> 1
A12: 00897 | B12: 200 | C12: 2.2 | D12: 46334 | F12: ND_7857 | H12: =IF(A12="","",COUNTIFS($A$6:$A$95,A12,$C$6:$C$95,"<"&C12)+COUNTIFS($A$6:A12,A12,$C$6:C12,C12)) -> 1
A13: 00898 | B13: 80 | C13: 2.2 | D13: 46334 | F13: ND_7857 | H13: =IF(A13="","",COUNTIFS($A$6:$A$95,A13,$C$6:$C$95,"<"&C13)+COUNTIFS($A$6:A13,A13,$C$6:C13,C13)) -> 1
A14: 037060 | B14: 20 | C14: 1 | D14: 46298 | F14: ND_7821 | H14: =IF(A14="","",COUNTIFS($A$6:$A$95,A14,$C$6:$C$95,"<"&C14)+COUNTIFS($A$6:A14,A14,$C$6:C14,C14)) -> 1
A15: 037080 | B15: 20 | C15: 1 | D15: 46298 | F15: ND_7821 | H15: =IF(A15="","",COUNTIFS($A$6:$A$95,A15,$C$6:$C$95,"<"&C15)+COUNTIFS($A$6:A15,A15,$C$6:C15,C15)) -> 1
A16: 040250 | B16: 20 | C16: 1 | D16: 46298 | F16: ND_7821 | H16: =IF(A16="","",COUNTIFS($A$6:$A$95,A16,$C$6:$C$95,"<"&C16)+COUNTIFS($A$6:A16,A16,$C$6:C16,C16)) -> 1
A17: 041880 | B17: 15 | C17: 1 | D17: 46298 | F17: ND_7821 | H17: =IF(A17="","",COUNTIFS($A$6:$A$95,A17,$C$6:$C$95,"<"&C17)+COUNTIFS($A$6:A17,A17,$C$6:C17,C17)) -> 1
... A52: 18562 | B52: 20 | C52: 1 | D52: 46298 | F52: ND_7821 | H52: =IF(A52="","",COUNTIFS($A$6:$A$95,A52,$C$6:$C$95,"<"&C52)+COUNTIFS($A$6:A52,A52,$C$6:C52,C52)) -> 1
A53: 18658 | B53: 25 | C53: 0.8 | D53: 46293 | F53: ND_7814 | G53: NOVI ARTIKL | H53: =IF(A53="","",COUNTIFS($A$6:$A$95,A53,$C$6:$C$95,"<"&C53)+COUNTIFS($A$6:A53,A53,$C$6:C53,C53)) -> 1
A54: 18659 | B54: 25 | C54: 0.8 | D54: 46293 | F54: ND_7814 | G54: NOVI ARTIKL | H54: =IF(A54="","",COUNTIFS($A$6:$A$95,A54,$C$6:$C$95,"<"&C54)+COUNTIFS($A$6:A54,A54,$C$6:C54,C54)) -> 1
A55: 18660 | B55: 25 | C55: 0.8 | D55: 46293 | F55: ND_7814 | G55: NOVI ARTIKL | H55: =IF(A55="","",COUNTIFS($A$6:$A$95,A55,$C$6:$C$95,"<"&C55)+COUNTIFS($A$6:A55,A55,$C$6:C55,C55)) -> 1
A56: 18665 | B56: 15 | C56: 0.8 | D56: 46293 | F56: ND_7814 | H56: =IF(A56="","",COUNTIFS($A$6:$A$95,A56,$C$6:$C$95,"<"&C56)+COUNTIFS($A$6:A56,A56,$C$6:C56,C56)) -> 1
A57: 18666 | B57: 20 | C57: 0.8 | D57: 46293 | F57: ND_7814 | H57: =IF(A57="","",COUNTIFS($A$6:$A$95,A57,$C$6:$C$95,"<"&C57)+COUNTIFS($A$6:A57,A57,$C$6:C57,C57)) -> 1
A58: 18667 | B58: 15 | C58: 1 | D58: 46298 | F58: ND_7821 | H58: =IF(A58="","",COUNTIFS($A$6:$A$95,A58,$C$6:$C$95,"<"&C58)+COUNTIFS($A$6:A58,A58,$C$6:C58,C58)) -> 1
A59: 18668 | B59: 15 | C59: 1 | D59: 46298 | F59: ND_7821 | H59: =IF(A59="","",COUNTIFS($A$6:$A$95,A59,$C$6:$C$95,"<"&C59)+COUNTIFS($A$6:A59,A59,$C$6:C59,C59)) -> 1
A60: 18762 | B60: 15 | C60: 0.8 | D60: 46293 | F60: ND_7814 | G60: NOVI ARTIKL | H60: =IF(A60="","",COUNTIFS($A$6:$A$95,A60,$C$6:$C$95,"<"&C60)+COUNTIFS($A$6:A60,A60,$C$6:C60,C60)) -> 1
A61: 18763 | B61: 30 | C61: 0.8 | D61: 46293 | F61: ND_7814 | G61: NOVI ARTIKL | H61: =IF(A61="","",COUNTIFS($A$6:$A$95,A61,$C$6:$C$95,"<"&C61)+COUNTIFS($A$6:A61,A61,$C$6:C61,C61)) -> 1
A62: 18764 | B62: 20 | C62: 0.8 | D62: 46293 | F62: ND_7814 | G62: NOVI ARTIKL | H62: =IF(A62="","",COUNTIFS($A$6:$A$95,A62,$C$6:$C$95,"<"&C62)+COUNTIFS($A$6:A62,A62,$C$6:C62,C62)) -> 1
A63: 18765 | B63: 20 | C63: 0.8 | D63: 46293 | F63: ND_7814 | G63: NOVI ARTIKL | H63: =IF(A63="","",COUNTIFS($A$6:$A$95,A63,$C$6:$C$95,"<"&C63)+COUNTIFS($A$6:A63,A63,$C$6:C63,C63)) -> 1
A64: 18766 | B64: 15 | C64: 0.8 | D64: 46293 | F64: ND_7814 | G64: NOVI ARTIKL | H64: =IF(A64="","",COUNTIFS($A$6:$A$95,A64,$C$6:$C$95,"<"&C64)+COUNTIFS($A$6:A64,A64,$C$6:C64,C64)) -> 1
A65: 18767 | B65: 15 | C65: 0.8 | D65: 46293 | F65: ND_7814 | G65: NOVI ARTIKL | H65: =IF(A65="","",COUNTIFS($A$6:$A$95,A65,$C$6:$C$95,"<"&C65)+COUNTIFS($A$6:A65,A65,$C$6:C65,C65)) -> 1
A66: 18768 | B66: 20 | C66: 0.8 | D66: 46293 | F66: ND_7814 | G66: NOVI ARTIKL | H66: =IF(A66="","",COUNTIFS($A$6:$A$95,A66,$C$6:$C$95,"<"&C66)+COUNTIFS($A$6:A66,A66,$C$6:C66,C66)) -> 1
A67: 18769 | B67: 20 | C67: 0.8 | D67: 46293 | F67: ND_7814 | G67: NOVI ARTIKL | H67: =IF(A67="","",COUNTIFS($A$6:$A$95,A67,$C$6:$C$95,"<"&C67)+COUNTIFS($A$6:A67,A67,$C$6:C67,C67)) -> 1
A68: 18770 | B68: 20 | C68: 0.8 | D68: 46293 | F68: ND_7814 | G68: NOVI ARTIKL | H68: =IF(A68="","",COUNTIFS($A$6:$A$95,A68,$C$6:$C$95,"<"&C68)+COUNTIFS($A$6:A68,A68,$C$6:C68,C68)) -> 1
A69: 18771 | B69: 20 | C69: 0.8 | D69: 46293 | F69: ND_7814 | G69: NOVI ARTIKL | H69: =IF(A69="","",COUNTIFS($A$6:$A$95,A69,$C$6:$C$95,"<"&C69)+COUNTIFS($A$6:A69,A69,$C$6:C69,C69)) -> 1
A70: 18772 | B70: 25 | C70: 0.8 | D70: 46293 | F70: ND_7814 | G70: NOVI ARTIKL | H70: =IF(A70="","",COUNTIFS($A$6:$A$95,A70,$C$6:$C$95,"<"&C70)+COUNTIFS($A$6:A70,A70,$C$6:C70,C70)) -> 1
A71: 18773 | B71: 35 | C71: 0.8 | D71: 46293 | F71: ND_7814 | G71: NOVI ARTIKL | H71: =IF(A71="","",COUNTIFS($A$6:$A$95,A71,$C$6:$C$95,"<"&C71)+COUNTIFS($A$6:A71,A71,$C$6:C71,C71)) -> 1
... A75: 18777 | B75: 30 | C75: 1 | D75: 46298 | F75: ND_7821 | G75: NOVI ARTIKL | H75: =IF(A75="","",COUNTIFS($A$6:$A$95,A75,$C$6:$C$95,"<"&C75)+COUNTIFS($A$6:A75,A75,$C$6:C75,C75)) -> 1
H76: =IF(A76="","",COUNTIFS($A$6:$A$95,A76,$C$6:$C$95,"<"&C76)+COUNTIFS($A$6:A76,A76,$C$6:C76,C76))
H77: =IF(A77="","",COUNTIFS($A$6:$A$95,A77,$C$6:$C$95,"<"&C77)+COUNTIFS($A$6:A77,A77,$C$6:C77,C77))
H78: =IF(A78="","",COUNTIFS($A$6:$A$95,A78,$C$6:$C$95,"<"&C78)+COUNTIFS($A$6:A78,A78,$C$6:C78,C78))
H79: =IF(A79="","",COUNTIFS($A$6:$A$95,A79,$C$6:$C$95,"<"&C79)+COUNTIFS($A$6:A79,A79,$C$6:C79,C79))
H80: =IF(A80="","",COUNTIFS($A$6:$A$95,A80,$C$6:$C$95,"<"&C80)+COUNTIFS($A$6:A80,A80,$C$6:C80,C80))
H81: =IF(A81="","",COUNTIFS($A$6:$A$95,A81,$C$6:$C$95,"<"&C81)+COUNTIFS($A$6:A81,A81,$C$6:C81,C81))
H82: =IF(A82="","",COUNTIFS($A$6:$A$95,A82,$C$6:$C$95,"<"&C82)+COUNTIFS($A$6:A82,A82,$C$6:C82,C82))
H83: =IF(A83="","",COUNTIFS($A$6:$A$95,A83,$C$6:$C$95,"<"&C83)+COUNTIFS($A$6:A83,A83,$C$6:C83,C83))
H84: =IF(A84="","",COUNTIFS($A$6:$A$95,A84,$C$6:$C$95,"<"&C84)+COUNTIFS($A$6:A84,A84,$C$6:C84,C84))
H85: =IF(A85="","",COUNTIFS($A$6:$A$95,A85,$C$6:$C$95,"<"&C85)+COUNTIFS($A$6:A85,A85,$C$6:C85,C85))
H86: =IF(A86="","",COUNTIFS($A$6:$A$95,A86,$C$6:$C$95,"<"&C86)+COUNTIFS($A$6:A86,A86,$C$6:C86,C86))
H87: =IF(A87="","",COUNTIFS($A$6:$A$95,A87,$C$6:$C$95,"<"&C87)+COUNTIFS($A$6:A87,A87,$C$6:C87,C87))
... H95: =IF(A95="","",COUNTIFS($A$6:$A$95,A95,$C$6:$C$95,"<"&C95)+COUNTIFS($A$6:A95,A95,$C$6:C95,C95))

Sheet NABAVA
A1: NABAVA - planiranje narudžbi
A2: Prag 5 mjeseci · roba na brodu se NE pribraja zalihi · do tri dolaska po artiklu
A4: Šifra | B4: Naziv artikla | C4: Šifra dob. | D4: Naziv dobavljača | E4: Zaliha 31.08. | F4: Zaliha danas | G4: Izlaz od 31.08. | H4: Prosjek/mj. | I4: Zaliha traje (mj.) | J4: Stiže 1 | K4: Količina 1 | L4: Stiže 2 | M4: Količina 2 | N4: Stiže 3 | O4: Količina 3 | P4: Pokrivenost ukupno | Q4: STATUS | S4: Sij | T4: Vel | U4: Ožu | V4: Tra | W4: Svi | X4: Lip | Y4: Srp | Z4: Kol | AA4: Ruj | AB4: Lis | AC4: Stu | AD4: Pro
A5: =PODACI_ZALIHE!A2 -> 16958 | B5: =PODACI_ZALIHE!B2 -> KERAMIČKI OVLAŽIVAČ ZRAKA ZA RADIJATOR 20x8.5x3.5 cm | C5: =PODACI_ZALIHE!C2 -> 0 | D5: =PODACI_ZALIHE!D2 -> 0 | E5: =IF(PODACI_ZALIHE!E2="","",PODACI_ZALIHE!E2) -> 1595 | F5: =PODACI_ZALIHE!F2 -> 1595 | G5: =IF(E5="","",E5-F5) -> 0 | H5: =PODACI_PRODAJA!N258 -> 175.63 | I5: =IF(H5<=0,999,ROUND(F5/H5,1)) -> 9.1 | J5: =SUMIFS(ROBA_U_DOLASKU!$C$6:$C$95,ROBA_U_DOLASKU!$A$6:$A$95,A5,ROBA_U_DOLASKU!$H$6:$H$95,1) -> 0 | K5: =SUMIFS(ROBA_U_DOLASKU!$B$6:$B$95,ROBA_U_DOLASKU!$A$6:$A$95,A5,ROBA_U_DOLASKU!$H$6:$H$95,1) -> 0 | L5: =SUMIFS(ROBA_U_DOLASKU!$C$6:$C$95,ROBA_U_DOLASKU!$A$6:$A$95,A5,ROBA_U_DOLASKU!$H$6:$H$95,2) -> 0 | M5: =SUMIFS(ROBA_U_DOLASKU!$B$6:$B$95,ROBA_U_DOLASKU!$A$6:$A$95,A5,ROBA_U_DOLASKU!$H$6:$H$95,2) -> 0 | N5: =SUMIFS(ROBA_U_DOLASKU!$C$6:$C$95,ROBA_U_DOLASKU!$A$6:$A$95,A5,ROBA_U_DOLASKU!$H$6:$H$95,3) -> 0 | O5: =SUMIFS(ROBA_U_DOLASKU!$B$6:$B$95,ROBA_U_DOLASKU!$A$6:$A$95,A5,ROBA_U_DOLASKU!$H$6:$H$95,3) -> 0 | P5: =IF(H5<=0,999,IF(O5>0,ROUND((F5-H5*N5+K5+M5+O5)/H5,1),IF(M5>0,ROUND((F5-H5*L5+K5+M5)/H5,1),IF(K5>0,ROUND((F5-H5*J5+K5)/H5,1),I5)))) -> 9.1 | Q5: =IF(H5<=0,"Nema prodaje",IF(AND(K5=0,M5=0,O5=0),IF(I5<POSTAVKE!$B$6,"Naruči odmah","Sve u redu"),IF(F5-H5*J5<0,"Rupa za ~"&TEXT(I5,"0.0")&" mj.",IF(AND(M5>0,F5-H5*L5+K5<0),"Rupa nakon 1. dolaska",IF(AND(O5>0,F5-H5*N5+K5+M5<0),"Rupa nakon 2. dolaska",IF(P5<POSTAVKE!$B$6,"Količina nije dovoljna",IF(I5>=POSTAVKE!$B$6,"Sve u redu","Stiže na vrijeme"))))))) -> Sve u redu | S5: =IFERROR(INDEX(PODACI_PRODAJA!B:B,MATCH($A5,PODACI_PRODAJA!$A:$A,0)),0) -> 1 | T5: =IFERROR(INDEX(PODACI_PRODAJA!C:C,MATCH($A5,PODACI_PRODAJA!$A:$A,0)),0) -> -1 | U5: =IFERROR(INDEX(PODACI_PRODAJA!D:D,MATCH($A5,PODACI_PRODAJA!$A:$A,0)),0) -> 1405 | V5: =IFERROR(INDEX(PODACI_PRODAJA!E:E,MATCH($A5,PODACI_PRODAJA!$A:$A,0)),0) -> 0 | W5: =IFERROR(INDEX(PODACI_PRODAJA!F:F,MATCH($A5,PODACI_PRODAJA!$A:$A,0)),0) -> 0 | X5: =IFERROR(INDEX(PODACI_PRODAJA!G:G,MATCH($A5,PODACI_PRODAJA!$A:$A,0)),0) -> 0 | Y5: =IFERROR(INDEX(PODACI_PRODAJA!H:H,MATCH($A5,PODACI_PRODAJA!$A:$A,0)),0) -> 0 | Z5: =IFERROR(INDEX(PODACI_PRODAJA!I:I,MATCH($A5,PODACI_PRODAJA!$A:$A,0)),0) -> 0 | AA5: =IFERROR(INDEX(PODACI_PRODAJA!J:J,MATCH($A5,PODACI_PRODAJA!$A:$A,0)),0) -> 0 | AB5: =IFERROR(INDEX(PODACI_PRODAJA!K:K,MATCH($A5,PODACI_PRODAJA!$A:$A,0)),0) -> 0 | AC5: =IFERROR(INDEX(PODACI_PRODAJA!L:L,MATCH($A5,PODACI_PRODAJA!$A:$A,0)),0) -> 0 | AD5: =IFERROR(INDEX(PODACI_PRODAJA!M:M,MATCH($A5,PODACI_PRODAJA!$A:$A,0)),0) -> 0
A6: =PODACI_ZALIHE!A3 -> 00617 | B6: =PODACI_ZALIHE!B3 -> MIJEŠALICA ZA SUDOPER PROTOČNI BOJLER | C6: =PODACI_ZALIHE!C3 -> 2974 | D6: =PODACI_ZALIHE!D3 -> TAIZHOU MINUOTE SANITARY WARES CO.,LTD. | E6: =IF(PODACI_ZALIHE!E3="","",PODACI_ZALIHE!E3) -> 932 | F6: =PODACI_ZALIHE!F3 -> 932 | G6: =IF(E6="","",E6-F6) -> 0 | H6: =PODACI_PRODAJA!N16 -> 42.38 | I6: =IF(H6<=0,999,ROUND(F6/H6,1)) -> 22 | J6: =SUMIFS(ROBA_U_DOLASKU!$C$6:$C$95,ROBA_U_DOLASKU!$A$6:$A$95,A6,ROBA_U_DOLASKU!$H$6:$H$95,1) -> 0 | K6: =SUMIFS(ROBA_U_DOLASKU!$B$6:$B$95,ROBA_U_DOLASKU!$A$6:$A$95,A6,ROBA_U_DOLASKU!$H$6:$H$95,1) -> 0 | L6: =SUMIFS(ROBA_U_DOLASKU!$C$6:$C$95,ROBA_U_DOLASKU!$A$6:$A$95,A6,ROBA_U_DOLASKU!$H$6:$H$95,2) -> 0 | M6: =SUMIFS(ROBA_U_DOLASKU!$B$6:$B$95,ROBA_U_DOLASKU!$A$6:$A$95,A6,ROBA_U_DOLASKU!$H$6:$H$95,2) -> 0 | N6: =SUMIFS(ROBA_U_DOLASKU!$C$6:$C$95,ROBA_U_DOLASKU!$A$6:$A$95,A6,ROBA_U_DOLASKU!$H$6:$H$95,3) -> 0 | O6: =SUMIFS(ROBA_U_DOLASKU!$B$6:$B$95,ROBA_U_DOLASKU!$A$6:$A$95,A6,ROBA_U_DOLASKU!$H$6:$H$95,3) -> 0 | P6: =IF(H6<=0,999,IF(O6>0,ROUND((F6-H6*N6+K6+M6+O6)/H6,1),IF(M6>0,ROUND((F6-H6*L6+K6+M6)/H6,1),IF(K6>0,ROUND((F6-H6*J6+K6)/H6,1),I6)))) -> 22 | Q6: =IF(H6<=0,"Nema prodaje",IF(AND(K6=0,M6=0,O6=0),IF(I6<POSTAVKE!$B$6,"Naruči odmah","Sve u redu"),IF(F6-H6*J6<0,"Rupa za ~"&TEXT(I6,"0.0")&" mj.",IF(AND(M6>0,F6-H6*L6+K6<0),"Rupa nakon 1. dolaska",IF(AND(O6>0,F6-H6*N6+K6+M6<0),"Rupa nakon 2. dolaska",IF(P6<POSTAVKE!$B$6,"Količina nije dovoljna",IF(I6>=POSTAVKE!$B$6,"Sve u redu","Stiže na vrijeme"))))))) -> Sve u redu | S6: =IFERROR(INDEX(PODACI_PRODAJA!B:B,MATCH($A6,PODACI_PRODAJA!$A:$A,0)),0) -> 50 | T6: =IFERROR(INDEX(PODACI_PRODAJA!C:C,MATCH($A6,PODACI_PRODAJA!$A:$A,0)),0) -> 36 | U6: =IFERROR(INDEX(PODACI_PRODAJA!D:D,MATCH($A6,PODACI_PRODAJA!$A:$A,0)),0) -> 40 | V6: =IFERROR(INDEX(PODACI_PRODAJA!E:E,MATCH($A6,PODACI_PRODAJA!$A:$A,0)),0) -> 34 | W6: =IFERROR(INDEX(PODACI_PRODAJA!F:F,MATCH($A6,PODACI_PRODAJA!$A:$A,0)),0) -> 45 | X6: =IFERROR(INDEX(PODACI_PRODAJA!G:G,MATCH($A6,PODACI_PRODAJA!$A:$A,0)),0) -> 41 | Y6: =IFERROR(INDEX(PODACI_PRODAJA!H:H,MATCH($A6,PODACI_PRODAJA!$A:$A,0)),0) -> 52 | Z6: =IFERROR(INDEX(PODACI_PRODAJA!I:I,MATCH($A6,PODACI_PRODAJA!$A:$A,0)),0) -> 41 | AA6: =IFERROR(INDEX(PODACI_PRODAJA!J:J,MATCH($A6,PODACI_PRODAJA!$A:$A,0)),0) -> 0 | AB6: =IFERROR(INDEX(PODACI_PRODAJA!K:K,MATCH($A6,PODACI_PRODAJA!$A:$A,0)),0) -> 0 | AC6: =IFERROR(INDEX(PODACI_PRODAJA!L:L,MATCH($A6,PODACI_PRODAJA!$A:$A,0)),0) -> 0 | AD6: =IFERROR(INDEX(PODACI_PRODAJA!M:M,MATCH($A6,PODACI_PRODAJA!$A:$A,0)),0) -> 0
A7: =PODACI_ZALIHE!A4 -> 00836 | B7: =PODACI_ZALIHE!B4 -> GL11428 SIFON ZA TUŠ KADU LUX 60 mm | C7: =PODACI_ZALIHE!C4 -> 3291 | D7: =PODACI_ZALIHE!D4 -> TEHNOEXPORT D.O.O. | E7: =IF(PODACI_ZALIHE!E4="","",PODACI_ZALIHE!E4) -> 664 | F7: =PODACI_ZALIHE!F4 -> 561 | G7: =IF(E7="","",E7-F7) -> 103 | H7: =PODACI_PRODAJA!N2 -> 264 | I7: =IF(H7<=0,999,ROUND(F7/H7,1)) -> 2.1 | J7: =SUMIFS(ROBA_U_DOLASKU!$C$6:$C$95,ROBA_U_DOLASKU!$A$6:$A$95,A7,ROBA_U_DOLASKU!$H$6:$H$95,1) -> 0 | K7: =SUMIFS(ROBA_U_DOLASKU!$B$6:$B$95,ROBA_U_DOLASKU!$A$6:$A$95,A7,ROBA_U_DOLASKU!$H$6:$H$95,1) -> 0 | L7: =SUMIFS(ROBA_U_DOLASKU!$C$6:$C$95,ROBA_U_DOLASKU!$A$6:$A$95,A7,ROBA_U_DOLASKU!$H$6:$H$95,2) -> 0 | M7: =SUMIFS(ROBA_U_DOLASKU!$B$6:$B$95,ROBA_U_DOLASKU!$A$6:$A$95,A7,ROBA_U_DOLASKU!$H$6:$H$95,2) -> 0 | N7: =SUMIFS(ROBA_U_DOLASKU!$C$6:$C$95,ROBA_U_DOLASKU!$A$6:$A$95,A7,ROBA_U_DOLASKU!$H$6:$H$95,3) -> 0 | O7: =SUMIFS(ROBA_U_DOLASKU!$B$6:$B$95,ROBA_U_DOLASKU!$A$6:$A$95,A7,ROBA_U_DOLASKU!$H$6:$H$95,3) -> 0 | P7: =IF(H7<=0,999,IF(O7>0,ROUND((F7-H7*N7+K7+M7+O7)/H7,1),IF(M7>0,ROUND((F7-H7*L7+K7+M7)/H7,1),IF(K7>0,ROUND((F7-H7*J7+K7)/H7,1),I7)))) -> 2.1 | Q7: =IF(H7<=0,"Nema prodaje",IF(AND(K7=0,M7=0,O7=0),IF(I7<POSTAVKE!$B$6,"Naruči odmah","Sve u redu"),IF(F7-H7*J7<0,"Rupa za ~"&TEXT(I7,"0.0")&" mj.",IF(AND(M7>0,F7-H7*L7+K7<0),"Rupa nakon 1. dolaska",IF(AND(O7>0,F7-H7*N7+K7+M7<0),"Rupa nakon 2. dolaska",IF(P7<POSTAVKE!$B$6,"Količina nije dovoljna",IF(I7>=POSTAVKE!$B$6,"Sve u redu","Stiže na vrijeme"))))))) -> Naruči odmah | S7: =IFERROR(INDEX(PODACI_PRODAJA!B:B,MATCH($A7,PODACI_PRODAJA!$A:$A,0)),0) -> 195 | T7: =IFERROR(INDEX(PODACI_PRODAJA!C:C,MATCH($A7,PODACI_PRODAJA!$A:$A,0)),0) -> 251 | U7: =IFERROR(INDEX(PODACI_PRODAJA!D:D,MATCH($A7,PODACI_PRODAJA!$A:$A,0)),0) -> 334 | V7: =IFERROR(INDEX(PODACI_PRODAJA!E:E,MATCH($A7,PODACI_PRODAJA!$A:$A,0)),0) -> 325 | W7: =IFERROR(INDEX(PODACI_PRODAJA!F:F,MATCH($A7,PODACI_PRODAJA!$A:$A,0)),0) -> 183 | X7: =IFERROR(INDEX(PODACI_PRODAJA!G:G,MATCH($A7,PODACI_PRODAJA!$A:$A,0)),0) -> 276 | Y7: =IFERROR(INDEX(PODACI_PRODAJA!H:H,MATCH($A7,PODACI_PRODAJA!$A:$A,0)),0) -> 303 | Z7: =IFERROR(INDEX(PODACI_PRODAJA!I:I,MATCH($A7,PODACI_PRODAJA!$A:$A,0)),0) -> 245 | AA7: =IFERROR(INDEX(PODACI_PRODAJA!J:J,MATCH($A7,PODACI_PRODAJA!$A:$A,0)),0) -> 103 | AB7: =IFERROR(INDEX(PODACI_PRODAJA!K:K,MATCH($A7,PODACI_PRODAJA!$A:$A,0)),0) -> 0 | AC7: =IFERROR(INDEX(PODACI_PRODAJA!L:L,MATCH($A7,PODACI_PRODAJA!$A:$A,0)),0) -> 0 | AD7: =IFERROR(INDEX(PODACI_PRODAJA!M:M,MATCH($A7,PODACI_PRODAJA!$A:$A,0)),0) -> 0
A8: =PODACI_ZALIHE!A5 -> 16856 | B8: =PODACI_ZALIHE!B5 -> MOHO WC MONOBLOK PODNI ODVOD 665x375x725 mm | C8: =PODACI_ZALIHE!C5 -> 0 | D8: =PODACI_ZALIHE!D5 -> 0 | E8: =IF(PODACI_ZALIHE!E5="","",PODACI_ZALIHE!E5) -> 526 | F8: =PODACI_ZALIHE!F5 -> 526 | G8: =IF(E8="","",E8-F8) -> 0 | H8: =PODACI_PRODAJA!N203 -> 3.88 | I8: =IF(H8<=0,999,ROUND(F8/H8,1)) -> 135.6 | J8: =SUMIFS(ROBA_U_DOLASKU!$C$6:$C$95,ROBA_U_DOLASKU!$A$6:$A$95,A8,ROBA_U_DOLASKU!$H$6:$H$95,1) -> 0 | K8: =SUMIFS(ROBA_U_DOLASKU!$B$6:$B$95,ROBA_U_DOLASKU!$A$6:$A$95,A8,ROBA_U_DOLASKU!$H$6:$H$95,1) -> 0 | L8: =SUMIFS(ROBA_U_DOLASKU!$C$6:$C$95,ROBA_U_DOLASKU!$A$6:$A$95,A8,ROBA_U_DOLASKU!$H$6:$H$95,2) -> 0 | M8: =SUMIFS(ROBA_U_DOLASKU!$B$6:$B$95,ROBA_U_DOLASKU!$A$6:$A$95,A8,ROBA_U_DOLASKU!$H$6:$H$95,2) -> 0 | N8: =SUMIFS(ROBA_U_DOLASKU!$C$6:$C$95,ROBA_U_DOLASKU!$A$6:$A$95,A8,ROBA_U_DOLASKU!$H$6:$H$95,3) -> 0 | O8: =SUMIFS(ROBA_U_DOLASKU!$B$6:$B$95,ROBA_U_DOLASKU!$A$6:$A$95,A8,ROBA_U_DOLASKU!$H$6:$H$95,3) -> 0 | P8: =IF(H8<=0,999,IF(O8>0,ROUND((F8-H8*N8+K8+M8+O8)/H8,1),IF(M8>0,ROUND((F8-H8*L8+K8+M8)/H8,1),IF(K8>0,ROUND((F8-H8*J8+K8)/H8,1),I8)))) -> 135.6 | Q8: =IF(H8<=0,"Nema prodaje",IF(AND(K8=0,M8=0,O8=0),IF(I8<POSTAVKE!$B$6,"Naruči odmah","Sve u redu"),IF(F8-H8*J8<0,"Rupa za ~"&TEXT(I8,"0.0")&" mj.",IF(AND(M8>0,F8-H8*L8+K8<0),"Rupa nakon 1. dolaska",IF(AND(O8>0,F8-H8*N8+K8+M8<0),"Rupa nakon 2. dolaska",IF(P8<POSTAVKE!$B$6,"Količina nije dovoljna",IF(I8>=POSTAVKE!$B$6,"Sve u redu","Stiže na vrijeme"))))))) -> Sve u redu | S8: =IFERROR(INDEX(PODACI_PRODAJA!B:B,MATCH($A8,PODACI_PRODAJA!$A:$A,0)),0) -> 2 | T8: =IFERROR(INDEX(PODACI_PRODAJA!C:C,MATCH($A8,PODACI_PRODAJA!$A:$A,0)),0) -> 14 | U8: =IFERROR(INDEX(PODACI_PRODAJA!D:D,MATCH($A8,PODACI_PRODAJA!$A:$A,0)),0) -> 1 | V8: =IFERROR(INDEX(PODACI_PRODAJA!E:E,MATCH($A8,PODACI_PRODAJA!$A:$A,0)),0) -> 4 | W8: =IFERROR(INDEX(PODACI_PRODAJA!F:F,MATCH($A8,PODACI_PRODAJA!$A:$A,0)),0) -> 9 | X8: =IFERROR(INDEX(PODACI_PRODAJA!G:G,MATCH($A8,PODACI_PRODAJA!$A:$A,0)),0) -> 0 | Y8: =IFERROR(INDEX(PODACI_PRODAJA!H:H,MATCH($A8,PODACI_PRODAJA!$A:$A,0)),0) -> 0 | Z8: =IFERROR(INDEX(PODACI_PRODAJA!I:I,MATCH($A8,PODACI_PRODAJA!$A:$A,0)),0) -> 1 | AA8: =IFERROR(INDEX(PODACI_PRODAJA!J:J,MATCH($A8,PODACI_PRODAJA!$A:$A,0)),0) -> 0 | AB8: =IFERROR(INDEX(PODACI_PRODAJA!K:K,MATCH($A8,PODACI_PRODAJA!$A:$A,0)),0) -> 0 | AC8: =IFERROR(INDEX(PODACI_PRODAJA!L:L,MATCH($A8,PODACI_PRODAJA!$A:$A,0)),0) -> 0 | AD8: =IFERROR(INDEX(PODACI_PRODAJA!M:M,MATCH($A8,PODACI_PRODAJA!$A:$A,0)),0) -> 0
A9: =PODACI_ZALIHE!A6 -> 18749 | B9: =PODACI_ZALIHE!B6 -> ZIDNI PANEL PVC NATURAL HRAST 3000x200x5 mm | C9: =PODACI_ZALIHE!C6 -> 6931 | D9: =PODACI_ZALIHE!D6 -> INTCO INTERNATIONAL (HK) CO., LIMITED | E9: =IF(PODACI_ZALIHE!E6="","",PODACI_ZALIHE!E6) -> 504 | F9: =PODACI_ZALIHE!F6 -> 503 | G9: =IF(E9="","",E9-F9) -> 1 | H9: =PODACI_PRODAJA!N704 -> 0 | I9: =IF(H9<=0,999,ROUND(F9/H9,1)) -> 999 | J9: =SUMIFS(ROBA_U_DOLASKU!$C$6:$C$95,ROBA_U_DOLASKU!$A$6:$A$95,A9,ROBA_U_DOLASKU!$H$6:$H$95,1) -> 0 | K9: =SUMIFS(ROBA_U_DOLASKU!$B$6:$B$95,ROBA_U_DOLASKU!$A$6:$A$95,A9,ROBA_U_DOLASKU!$H$6:$H$95,1) -> 0 | L9: =SUMIFS(ROBA_U_DOLASKU!$C$6:$C$95,ROBA_U_DOLASKU!$A$6:$A$95,A9,ROBA_U_DOLASKU!$H$6:$H$95,2) -> 0 | M9: =SUMIFS(ROBA_U_DOLASKU!$B$6:$B$95,ROBA_U_DOLASKU!$A$6:$A$95,A9,ROBA_U_DOLASKU!$H$6:$H$95,2) -> 0 | N9: =SUMIFS(ROBA_U_DOLASKU!$C$6:$C$95,ROBA_U_DOLASKU!$A$6:$A$95,A9,ROBA_U_DOLASKU!$H$6:$H$95,3) -> 0 | O9: =SUMIFS(ROBA_U_DOLASKU!$B$6:$B$95,ROBA_U_DOLASKU!$A$6:$A$95,A9,ROBA_U_DOLASKU!$H$6:$H$95,3) -> 0 | P9: =IF(H9<=0,999,IF(O9>0,ROUND((F9-H9*N9+K9+M9+O9)/H9,1),IF(M9>0,ROUND((F9-H9*L9+K9+M9)/H9,1),IF(K9>0,ROUND((F9-H9*J9+K9)/H9,1),I9)))) -> 999 | Q9: =IF(H9<=0,"Nema prodaje",IF(AND(K9=0,M9=0,O9=0),IF(I9<POSTAVKE!$B$6,"Naruči odmah","Sve u redu"),IF(F9-H9*J9<0,"Rupa za ~"&TEXT(I9,"0.0")&" mj.",IF(AND(M9>0,F9-H9*L9+K9<0),"Rupa nakon 1. dolaska",IF(AND(O9>0,F9-H9*N9+K9+M9<0),"Rupa nakon 2. dolaska",IF(P9<POSTAVKE!$B$6,"Količina nije dovoljna",IF(I9>=POSTAVKE!$B$6,"Sve u redu","Stiže na vrijeme"))))))) -> Nema prodaje | S9: =IFERROR(INDEX(PODACI_PRODAJA!B:B,MATCH($A9,PODACI_PRODAJA!$A:$A,0)),0) -> 0 | T9: =IFERROR(INDEX(PODACI_PRODAJA!C:C,MATCH($A9,PODACI_PRODAJA!$A:$A,0)),0) -> 0 | U9: =IFERROR(INDEX(PODACI_PRODAJA!D:D,MATCH($A9,PODACI_PRODAJA!$A:$A,0)),0) -> 0 | V9: =IFERROR(INDEX(PODACI_PRODAJA!E:E,MATCH($A9,PODACI_PRODAJA!$A:$A,0)),0) -> 0 | W9: =IFERROR(INDEX(PODACI_PRODAJA!F:F,MATCH($A9,PODACI_PRODAJA!$A:$A,0)),0) -> 0 | X9: =IFERROR(INDEX(PODACI_PRODAJA!G:G,MATCH($A9,PODACI_PRODAJA!$A:$A,0)),0) -> 0 | Y9: =IFERROR(INDEX(PODACI_PRODAJA!H:H,MATCH($A9,PODACI_PRODAJA!$A:$A,0)),0) -> 0 | Z9: =IFERROR(INDEX(PODACI_PRODAJA!I:I,MATCH($A9,PODACI_PRODAJA!$A:$A,0)),0) -> 0 | AA9: =IFERROR(INDEX(PODACI_PRODAJA!J:J,MATCH($A9,PODACI_PRODAJA!$A:$A,0)),0) -> 0 | AB9: =IFERROR(INDEX(PODACI_PRODAJA!K:K,MATCH($A9,PODACI_PRODAJA!$A:$A,0)),0) -> 0 | AC9: =IFERROR(INDEX(PODACI_PRODAJA!L:L,MATCH($A9,PODACI_PRODAJA!$A:$A,0)),0) -> 0 | AD9: =IFERROR(INDEX(PODACI_PRODAJA!M:M,MATCH($A9,PODACI_PRODAJA!$A:$A,0)),0) -> 0
A10: =PODACI_ZALIHE!A7 -> 00875 | B10: =PODACI_ZALIHE!B7 -> SET KOTAČIĆA ZA TUŠ KABINE 4/1 SW | C10: =PODACI_ZALIHE!C7 -> 4328 | D10: =PODACI_ZALIHE!D7 -> HANGZHOU DUHUI IMPORT AND EXPORT CO.,LTD | E10: =IF(PODACI_ZALIHE!E7="","",PODACI_ZALIHE!E7) -> 540 | F10: =PODACI_ZALIHE!F7 -> 500 | G10: =IF(E10="","",E10-F10) -> 40 | H10: =PODACI_PRODAJA!N5 -> 145 | I10: =IF(H10<=0,999,ROUND(F10/H10,1)) -> 3.4 | J10: =SUMIFS(ROBA_U_DOLASKU!$C$6:$C$95,ROBA_U_DOLASKU!$A$6:$A$95,A10,ROBA_U_DOLASKU!$H$6:$H$95,1) -> 0 | K10: =SUMIFS(ROBA_U_DOLASKU!$B$6:$B$95,ROBA_U_DOLASKU!$A$6:$A$95,A10,ROBA_U_DOLASKU!$H$6:$H$95,1) -> 0 | L10: =SUMIFS(ROBA_U_DOLASKU!$C$6:$C$95,ROBA_U_DOLASKU!$A$6:$A$95,A10,ROBA_U_DOLASKU!$H$6:$H$95,2) -> 0 | M10: =SUMIFS(ROBA_U_DOLASKU!$B$6:$B$95,ROBA_U_DOLASKU!$A$6:$A$95,A10,ROBA_U_DOLASKU!$H$6:$H$95,2) -> 0 | N10: =SUMIFS(ROBA_U_DOLASKU!$C$6:$C$95,ROBA_U_DOLASKU!$A$6:$A$95,A10,ROBA_U_DOLASKU!$H$6:$H$95,3) -> 0 | O10: =SUMIFS(ROBA_U_DOLASKU!$B$6:$B$95,ROBA_U_DOLASKU!$A$6:$A$95,A10,ROBA_U_DOLASKU!$H$6:$H$95,3) -> 0 | P10: =IF(H10<=0,999,IF(O10>0,ROUND((F10-H10*N10+K10+M10+O10)/H10,1),IF(M10>0,ROUND((F10-H10*L10+K10+M10)/H10,1),IF(K10>0,ROUND((F10-H10*J10+K10)/H10,1),I10)))) -> 3.4 | Q10: =IF(H10<=0,"Nema prodaje",IF(AND(K10=0,M10=0,O10=0),IF(I10<POSTAVKE!$B$6,"Naruči odmah","Sve u redu"),IF(F10-H10*J10<0,"Rupa za ~"&TEXT(I10,"0.0")&" mj.",IF(AND(M10>0,F10-H10*L10+K10<0),"Rupa nakon 1. dolaska",IF(AND(O10>0,F10-H10*N10+K10+M10<0),"Rupa nakon 2. dolaska",IF(P10<POSTAVKE!$B$6,"Količina nije dovoljna",IF(I10>=POSTAVKE!$B$6,"Sve u redu","Stiže na vrijeme"))))))) -> Naruči odmah | S10: =IFERROR(INDEX(PODACI_PRODAJA!B:B,MATCH($A10,PODACI_PRODAJA!$A:$A,0)),0) -> 112 | T10: =IFERROR(INDEX(PODACI_PRODAJA!C:C,MATCH($A10,PODACI_PRODAJA!$A:$A,0)),0) -> 196 | U10: =IFERROR(INDEX(PODACI_PRODAJA!D:D,MATCH($A10,PODACI_PRODAJA!$A:$A,0)),0) -> 87 | V10: =IFERROR(INDEX(PODACI_PRODAJA!E:E,MATCH($A10,PODACI_PRODAJA!$A:$A,0)),0) -> 114 | W10: =IFERROR(INDEX(PODACI_PRODAJA!F:F,MATCH($A10,PODACI_PRODAJA!$A:$A,0)),0) -> 114 | X10: =IFERROR(INDEX(PODACI_PRODAJA!G:G,MATCH($A10,PODACI_PRODAJA!$A:$A,0)),0) -> 111 | Y10: =IFERROR(INDEX(PODACI_PRODAJA!H:H,MATCH($A10,PODACI_PRODAJA!$A:$A,0)),0) -> 220 | Z10: =IFERROR(INDEX(PODACI_PRODAJA!I:I,MATCH($A10,PODACI_PRODAJA!$A:$A,0)),0) -> 206 | AA10: =IFERROR(INDEX(PODACI_PRODAJA!J:J,MATCH($A10,PODACI_PRODAJA!$A:$A,0)),0) -> 36 | AB10: =IFERROR(INDEX(PODACI_PRODAJA!K:K,MATCH($A10,PODACI_PRODAJA!$A:$A,0)),0) -> 0 | AC10: =IFERROR(INDEX(PODACI_PRODAJA!L:L,MATCH($A10,PODACI_PRODAJA!$A:$A,0)),0) -> 0 | AD10: =IFERROR(INDEX(PODACI_PRODAJA!M:M,MATCH($A10,PODACI_PRODAJA!$A:$A,0)),0) -> 0
A11: =PODACI_ZALIHE!A8 -> 044450 | B11: =PODACI_ZALIHE!B8 -> SIFON ZA UMIVAONIK 5/4 CRNI MESING | C11: =PODACI_ZALIHE!C8 -> 4826 | D11: =PODACI_ZALIHE!D8 -> TAIZHOU NIXI SANITARY WARE CO.,LTD | E11: =IF(PODACI_ZALIHE!E8="","",PODACI_ZALIHE!E8) -> 500 | F11: =PODACI_ZALIHE!F8 -> 500 | G11: =IF(E11="","",E11-F11) -> 0 | H11: =PODACI_PRODAJA!N181 -> 4.5 | I11: =IF(H11<=0,999,ROUND(F11/H11,1)) -> 111.1 | J11: =SUMIFS(ROBA_U_DOLASKU!$C$6:$C$95,ROBA_U_DOLASKU!$A$6:$A$95,A11,ROBA_U_DOLASKU!$H$6:$H$95,1) -> 0 | K11: =SUMIFS(ROBA_U_DOLASKU!$B$6:$B$95,ROBA_U_DOLASKU!$A$6:$A$95,A11,ROBA_U_DOLASKU!$H$6:$H$95,1) -> 0 | L11: =SUMIFS(ROBA_U_DOLASKU!$C$6:$C$95,ROBA_U_DOLASKU!$A$6:$A$95,A11,ROBA_U_DOLASKU!$H$6:$H$95,2) -> 0 | M11: =SUMIFS(ROBA_U_DOLASKU!$B$6:$B$95,ROBA_U_DOLASKU!$A$6:$A$95,A11,ROBA_U_DOLASKU!$H$6:$H$95,2) -> 0 | N11: =SUMIFS(ROBA_U_DOLASKU!$C$6:$C$95,ROBA_U_DOLASKU!$A$6:$A$95,A11,ROBA_U_DOLASKU!$H$6:$H$95,3) -> 0 | O11: =SUMIFS(ROBA_U_DOLASKU!$B$6:$B$95,ROBA_U_DOLASKU!$A$6:$A$95,A11,ROBA_U_DOLASKU!$H$6:$H$95,3) -> 0 | P11: =IF(H11<=0,999,IF(O11>0,ROUND((F11-H11*N11+K11+M11+O11)/H11,1),IF(M11>0,ROUND((F11-H11*L11+K11+M11)/H11,1),IF(K11>0,ROUND((F11-H11*J11+K11)/H11,1),I11)))) -> 111.1 | Q11: =IF(H11<=0,"Nema prodaje",IF(AND(K11=0,M11=0,O11=0),IF(I11<POSTAVKE!$B$6,"Naruči odmah","Sve u redu"),IF(F11-H11*J11<0,"Rupa za ~"&TEXT(I11,"0.0")&" mj.",IF(AND(M11>0,F11-H11*L11+K11<0),"Rupa nakon 1. dolaska",IF(AND(O11>0,F11-H11*N11+K11+M11<0),"Rupa nakon 2. dolaska",IF(P11<POSTAVKE!$B$6,"Količina nije dovoljna",IF(I11>=POSTAVKE!$B$6,"Sve u redu","Stiže na vrijeme"))))))) -> Sve u redu | S11: =IFERROR(INDEX(PODACI_PRODAJA!B:B,MATCH($A11,PODACI_PRODAJA!$A:$A,0)),0) -> 2 | T11: =IFERROR(INDEX(PODACI_PRODAJA!C:C,MATCH($A11,PODACI_PRODAJA!$A:$A,0)),0) -> 1 | U11: =IFERROR(INDEX(PODACI_PRODAJA!D:D,MATCH($A11,PODACI_PRODAJA!$A:$A,0)),0) -> 5 | V11: =IFERROR(INDEX(PODACI_PRODAJA!E:E,MATCH($A11,PODACI_PRODAJA!$A:$A,0)),0) -> 11 | W11: =IFERROR(INDEX(PODACI_PRODAJA!F:F,MATCH($A11,PODACI_PRODAJA!$A:$A,0)),0) -> 9 | X11: =IFERROR(INDEX(PODACI_PRODAJA!G:G,MATCH($A11,PODACI_PRODAJA!$A:$A,0)),0) -> 5 | Y11: =IFERROR(INDEX(PODACI_PRODAJA!H:H,MATCH($A11,PODACI_PRODAJA!$A:$A,0)),0) -> 3 | Z11: =IFERROR(INDEX(PODACI_PRODAJA!I:I,MATCH($A11,PODACI_PRODAJA!$A:$A,0)),0) -> 0 | AA11: =IFERROR(INDEX(PODACI_PRODAJA!J:J,MATCH($A11,PODACI_PRODAJA!$A:$A,0)),0) -> 0 | AB11: =IFERROR(INDEX(PODACI_PRODAJA!K:K,MATCH($A11,PODACI_PRODAJA!$A:$A,0)),0) -> 0 | AC11: =IFERROR(INDEX(PODACI_PRODAJA!L:L,MATCH($A11,PODACI_PRODAJA!$A:$A,0)),0) -> 0 | AD11: =IFERROR(INDEX(PODACI_PRODAJA!M:M,MATCH($A11,PODACI_PRODAJA!$A:$A,0)),0) -> 0
A12: =PODACI_ZALIHE!A9 -> 00893 | B12: =PODACI_ZALIHE!B9 -> GLA011 PILETA ZA UMIVAONIK 5/4 | C12: =PODACI_ZALIHE!C9 -> 2974 | D12: =PODACI_ZALIHE!D9 -> TAIZHOU MINUOTE SANITARY WARES CO.,LTD. | E12: =IF(PODACI_ZALIHE!E9="","",PODACI_ZALIHE!E9) -> 489 | F12: =PODACI_ZALIHE!F9 -> 479 | G12: =IF(E12="","",E12-F12) -> 10 | H12: =PODACI_PRODAJA!N44 -> 36.88 | I12: =IF(H12<=0,999,ROUND(F12/H12,1)) -> 13 | J12: =SUMIFS(ROBA_U_DOLASKU!$C$6:$C$95,ROBA_U_DOLASKU!$A$6:$A$95,A12,ROBA_U_DOLASKU!$H$6:$H$95,1) -> 0 | K12: =SUMIFS(ROBA_U_DOLASKU!$B$6:$B$95,ROBA_U_DOLASKU!$A$6:$A$95,A12,ROBA_U_DOLASKU!$H$6:$H$95,1) -> 0 | L12: =SUMIFS(ROBA_U_DOLASKU!$C$6:$C$95,ROBA_U_DOLASKU!$A$6:$A$95,A12,ROBA_U_DOLASKU!$H$6:$H$95,2) -> 0 | M12: =SUMIFS(ROBA_U_DOLASKU!$B$6:$B$95,ROBA_U_DOLASKU!$A$6:$A$95,A12,ROBA_U_DOLASKU!$H$6:$H$95,2) -> 0 | N12: =SUMIFS(ROBA_U_DOLASKU!$C$6:$C$95,ROBA_U_DOLASKU!$A$6:$A$95,A12,ROBA_U_DOLASKU!$H$6:$H$95,3) -> 0 | O12: =SUMIFS(ROBA_U_DOLASKU!$B$6:$B$95,ROBA_U_DOLASKU!$A$6:$A$95,A12,ROBA_U_DOLASKU!$H$6:$H$95,3) -> 0 | P12: =IF(H12<=0,999,IF(O12>0,ROUND((F12-H12*N12+K12+M12+O12)/H12,1),IF(M12>0,ROUND((F12-H12*L12+K12+M12)/H12,1),IF(K12>0,ROUND((F12-H12*J12+K12)/H12,1),I12)))) -> 13 | Q12: =IF(H12<=0,"Nema prodaje",IF(AND(K12=0,M12=0,O12=0),IF(I12<POSTAVKE!$B$6,"Naruči odmah","Sve u redu"),IF(F12-H12*J12<0,"Rupa za ~"&TEXT(I12,"0.0")&" mj.",IF(AND(M12>0,F12-H12*L12+K12<0),"Rupa nakon 1. dolaska",IF(AND(O12>0,F12-H12*N12+K12+M12<0),"Rupa nakon 2. dolaska",IF(P12<POSTAVKE!$B$6,"Količina nije dovoljna",IF(I12>=POSTAVKE!$B$6,"Sve u redu","Stiže na vrijeme"))))))) -> Sve u redu | S12: =IFERROR(INDEX(PODACI_PRODAJA!B:B,MATCH($A12,PODACI_PRODAJA!$A:$A,0)),0) -> 20 | T12: =IFERROR(INDEX(PODACI_PRODAJA!C:C,MATCH($A12,PODACI_PRODAJA!$A:$A,0)),0) -> 43 | U12: =IFERROR(INDEX(PODACI_PRODAJA!D:D,MATCH($A12,PODACI_PRODAJA!$A:$A,0)),0) -> 23 | V12: =IFERROR(INDEX(PODACI_PRODAJA!E:E,MATCH($A12,PODACI_PRODAJA!$A:$A,0)),0) -> 44 | W12: =IFERROR(INDEX(PODACI_PRODAJA!F:F,MATCH($A12,PODACI_PRODAJA!$A:$A,0)),0) -> 20 | X12: =IFERROR(INDEX(PODACI_PRODAJA!G:G,MATCH($A12,PODACI_PRODAJA!$A:$A,0)),0) -> 26 | Y12: =IFERROR(INDEX(PODACI_PRODAJA!H:H,MATCH($A12,PODACI_PRODAJA!$A:$A,0)),0) -> 50 | Z12: =IFERROR(INDEX(PODACI_PRODAJA!I:I,MATCH($A12,PODACI_PRODAJA!$A:$A,0)),0) -> 69 | AA12: =IFERROR(INDEX(PODACI_PRODAJA!J:J,MATCH($A12,PODACI_PRODAJA!$A:$A,0)),0) -> 10 | AB12: =IFERROR(INDEX(PODACI_PRODAJA!K:K,MATCH($A12,PODACI_PRODAJA!$A:$A,0)),0) -> 0 | AC12: =IFERROR(INDEX(PODACI_PRODAJA!L:L,MATCH($A12,PODACI_PRODAJA!$A:$A,0)),0) -> 0 | AD12: =IFERROR(INDEX(PODACI_PRODAJA!M:M,MATCH($A12,PODACI_PRODAJA!$A:$A,0)),0) -> 0
A13: =PODACI_ZALIHE!A10 -> 088939 | B13: =PODACI_ZALIHE!B10 -> PILETA UNIVERZALNA KROM 5/4 | C13: =PODACI_ZALIHE!C10 -> 0 | D13: =PODACI_ZALIHE!D10 -> 0 | E13: =IF(PODACI_ZALIHE!E10="","",PODACI_ZALIHE!E10) -> 453 | F13: =PODACI_ZALIHE!F10 -> 453 | G13: =IF(E13="","",E13-F13) -> 0 | H13: =PODACI_PRODAJA!N38 -> 51 | I13: =IF(H13<=0,999,ROUND(F13/H13,1)) -> 8.9 | J13: =SUMIFS(ROBA_U_DOLASKU!$C$6:$C$95,ROBA_U_DOLASKU!$A$6:$A$95,A13,ROBA_U_DOLASKU!$H$6:$H$95,1) -> 0 | K13: =SUMIFS(ROBA_U_DOLASKU!$B$6:$B$95,ROBA_U_DOLASKU!$A$6:$A$95,A13,ROBA_U_DOLASKU!$H$6:$H$95,1) -> 0 | L13: =SUMIFS(ROBA_U_DOLASKU!$C$6:$C$95,ROBA_U_DOLASKU!$A$6:$A$95,A13,ROBA_U_DOLASKU!$H$6:$H$95,2) -> 0 | M13: =SUMIFS(ROBA_U_DOLASKU!$B$6:$B$95,ROBA_U_DOLASKU!$A$6:$A$95,A13,ROBA_U_DOLASKU!$H$6:$H$95,2) -> 0 | N13: =SUMIFS(ROBA_U_DOLASKU!$C$6:$C$95,ROBA_U_DOLASKU!$A$6:$A$95,A13,ROBA_U_DOLASKU!$H$6:$H$95,3) -> 0 | O13: =SUMIFS(ROBA_U_DOLASKU!$B$6:$B$95,ROBA_U_DOLASKU!$A$6:$A$95,A13,ROBA_U_DOLASKU!$H$6:$H$95,3) -> 0 | P13: =IF(H13<=0,999,IF(O13>0,ROUND((F13-H13*N13+K13+M13+O13)/H13,1),IF(M13>0,ROUND((F13-H13*L13+K13+M13)/H13,1),IF(K13>0,ROUND((F13-H13*J13+K13)/H13,1),I13)))) -> 8.9 | Q13: =IF(H13<=0,"Nema prodaje",IF(AND(K13=0,M13=0,O13=0),IF(I13<POSTAVKE!$B$6,"Naruči odmah","Sve u redu"),IF(F13-H13*J13<0,"Rupa za ~"&TEXT(I13,"0.0")&" mj.",IF(AND(M13>0,F13-H13*L13+K13<0),"Rupa nakon 1. dolaska",IF(AND(O13>0,F13-H13*N13+K13+M13<0),"Rupa nakon 2. dolaska",IF(P13<POSTAVKE!$B$6,"Količina nije dovoljna",IF(I13>=POSTAVKE!$B$6,"Sve u redu","Stiže na vrijeme"))))))) -> Sve u redu | S13: =IFERROR(INDEX(PODACI_PRODAJA!B:B,MATCH($A13,PODACI_PRODAJA!$A:$A,0)),0) -> 25 | T13: =IFERROR(INDEX(PODACI_PRODAJA!C:C,MATCH($A13,PODACI_PRODAJA!$A:$A,0)),0) -> 31 | U13: =IFERROR(INDEX(PODACI_PRODAJA!D:D,MATCH($A13,PODACI_PRODAJA!$A:$A,0)),0) -> 63 | V13: =IFERROR(INDEX(PODACI_PRODAJA!E:E,MATCH($A13,PODACI_PRODAJA!$A:$A,0)),0) -> 58 | W13: =IFERROR(INDEX(PODACI_PRODAJA!F:F,MATCH($A13,PODACI_PRODAJA!$A:$A,0)),0) -> 79 | X13: =IFERROR(INDEX(PODACI_PRODAJA!G:G,MATCH($A13,PODACI_PRODAJA!$A:$A,0)),0) -> 39 | Y13: =IFERROR(INDEX(PODACI_PRODAJA!H:H,MATCH($A13,PODACI_PRODAJA!$A:$A,0)),0) -> 60 | Z13: =IFERROR(INDEX(PODACI_PRODAJA!I:I,MATCH($A13,PODACI_PRODAJA!$A:$A,0)),0) -> 53 | AA13: =IFERROR(INDEX(PODACI_PRODAJA!J:J,MATCH($A13,PODACI_PRODAJA!$A:$A,0)),0) -> 0 | AB13: =IFERROR(INDEX(PODACI_PRODAJA!K:K,MATCH($A13,PODACI_PRODAJA!$A:$A,0)),0) -> 0 | AC13: =IFERROR(INDEX(PODACI_PRODAJA!L:L,MATCH($A13,PODACI_PRODAJA!$A:$A,0)),0) -> 0 | AD13: =IFERROR(INDEX(PODACI_PRODAJA!M:M,MATCH($A13,PODACI_PRODAJA!$A:$A,0)),0) -> 0
A14: =PODACI_ZALIHE!A11 -> 046203 | B14: =PODACI_ZALIHE!B11 -> ZELENA OBLOGA ZA ZID NATURA BOSCO | C14: =PODACI_ZALIHE!C11 -> 6931 | D14: =PODACI_ZALIHE!D11 -> INTCO INTERNATIONAL (HK) CO., LIMITED | E14: =IF(PODACI_ZALIHE!E11="","",PODACI_ZALIHE!E11) -> 405 | F14: =PODACI_ZALIHE!F11 -> 405 | G14: =IF(E14="","",E14-F14) -> 0 | H14: =PODACI_PRODAJA!N440 -> 1.63 | I14: =IF(H14<=0,999,ROUND(F14/H14,1)) -> 248.5 | J14: =SUMIFS(ROBA_U_DOLASKU!$C$6:$C$95,ROBA_U_DOLASKU!$A$6:$A$95,A14,ROBA_U_DOLASKU!$H$6:$H$95,1) -> 0 | K14: =SUMIFS(ROBA_U_DOLASKU!$B$6:$B$95,ROBA_U_DOLASKU!$A$6:$A$95,A14,ROBA_U_DOLASKU!$H$6:$H$95,1) -> 0 | L14: =SUMIFS(ROBA_U_DOLASKU!$C$6:$C$95,ROBA_U_DOLASKU!$A$6:$A$95,A14,ROBA_U_DOLASKU!$H$6:$H$95,2) -> 0 | M14: =SUMIFS(ROBA_U_DOLASKU!$B$6:$B$95,ROBA_U_DOLASKU!$A$6:$A$95,A14,ROBA_U_DOLASKU!$H$6:$H$95,2) -> 0 | N14: =SUMIFS(ROBA_U_DOLASKU!$C$6:$C$95,ROBA_U_DOLASKU!$A$6:$A$95,A14,ROBA_U_DOLASKU!$H$6:$H$95,3) -> 0 | O14: =SUMIFS(ROBA_U_DOLASKU!$B$6:$B$95,ROBA_U_DOLASKU!$A$6:$A$95,A14,ROBA_U_DOLASKU!$H$6:$H$95,3) -> 0 | P14: =IF(H14<=0,999,IF(O14>0,ROUND((F14-H14*N14+K14+M14+O14)/H14,1),IF(M14>0,ROUND((F14-H14*L14+K14+M14)/H14,1),IF(K14>0,ROUND((F14-H14*J14+K14)/H14,1),I14)))) -> 248.5 | Q14: =IF(H14<=0,"Nema prodaje",IF(AND(K14=0,M14=0,O14=0),IF(I14<POSTAVKE!$B$6,"Naruči odmah","Sve u redu"),IF(F14-H14*J14<0,"Rupa za ~"&TEXT(I14,"0.0")&" mj.",IF(AND(M14>0,F14-H14*L14+K14<0),"Rupa nakon 1. dolaska",IF(AND(O14>0,F14-H14*N14+K14+M14<0),"Rupa nakon 2. dolaska",IF(P14<POSTAVKE!$B$6,"Količina nije dovoljna",IF(I14>=POSTAVKE!$B$6,"Sve u redu","Stiže na vrijeme"))))))) -> Sve u redu | S14: =IFERROR(INDEX(PODACI_PRODAJA!B:B,MATCH($A14,PODACI_PRODAJA!$A:$A,0)),0) -> 0 | T14: =IFERROR(INDEX(PODACI_PRODAJA!C:C,MATCH($A14,PODACI_PRODAJA!$A:$A,0)),0) -> 0 | U14: =IFERROR(INDEX(PODACI_PRODAJA!D:D,MATCH($A14,PODACI_PRODAJA!$A:$A,0)),0) -> 0 | V14: =IFERROR(INDEX(PODACI_PRODAJA!E:E,MATCH($A14,PODACI_PRODAJA!$A:$A,0)),0) -> 0 | W14: =IFERROR(INDEX(PODACI_PRODAJA!F:F,MATCH($A14,PODACI_PRODAJA!$A:$A,0)),0) -> 0 | X14: =IFERROR(INDEX(PODACI_PRODAJA!G:G,MATCH($A14,PODACI_PRODAJA!$A:$A,0)),0) -> 0 | Y14: =IFERROR(INDEX(PODACI_PRODAJA!H:H,MATCH($A14,PODACI_PRODAJA!$A:$A,0)),0) -> 13 | Z14: =IFERROR(INDEX(PODACI_PRODAJA!I:I,MATCH($A14,PODACI_PRODAJA!$A:$A,0)),0) -> 0 | AA14: =IFERROR(INDEX(PODACI_PRODAJA!J:J,MATCH($A14,PODACI_PRODAJA!$A:$A,0)),0) -> 0 | AB14: =IFERROR(INDEX(PODACI_PRODAJA!K:K,MATCH($A14,PODACI_PRODAJA!$A:$A,0)),0) -> 0 | AC14: =IFERROR(INDEX(PODACI_PRODAJA!L:L,MATCH($A14,PODACI_PRODAJA!$A:$A,0)),0) -> 0 | AD14: =IFERROR(INDEX(PODACI_PRODAJA!M:M,MATCH($A14,PODACI_PRODAJA!$A:$A,0)),0) -> 0
A15: =PODACI_ZALIHE!A12 -> 046205 | B15: =PODACI_ZALIHE!B12 -> ZELENA OBLOGA ZA ZID NATURA TERRANA | C15: =PODACI_ZALIHE!C12 -> 6931 | D15: =PODACI_ZALIHE!D12 -> INTCO INTERNATIONAL (HK) CO., LIMITED | E15: =IF(PODACI_ZALIHE!E12="","",PODACI_ZALIHE!E12) -> 405 | F15: =PODACI_ZALIHE!F12 -> 405 | G15: =IF(E15="","",E15-F15) -> 0 | H15: =PODACI_PRODAJA!N442 -> 1.63 | I15: =IF(H15<=0,999,ROUND(F15/H15,1)) -> 248.5 | J15: =SUMIFS(ROBA_U_DOLASKU!$C$6:$C$95,ROBA_U_DOLASKU!$A$6:$A$95,A15,ROBA_U_DOLASKU!$H$6:$H$95,1) -> 0 | K15: =SUMIFS(ROBA_U_DOLASKU!$B$6:$B$95,ROBA_U_DOLASKU!$A$6:$A$95,A15,ROBA_U_DOLASKU!$H$6:$H$95,1) -> 0 | L15: =SUMIFS(ROBA_U_DOLASKU!$C$6:$C$95,ROBA_U_DOLASKU!$A$6:$A$95,A15,ROBA_U_DOLASKU!$H$6:$H$95,2) -> 0 | M15: =SUMIFS(ROBA_U_DOLASKU!$B$6:$B$95,ROBA_U_DOLASKU!$A$6:$A$95,A15,ROBA_U_DOLASKU!$H$6:$H$95,2) -> 0 | N15: =SUMIFS(ROBA_U_DOLASKU!$C$6:$C$95,ROBA_U_DOLASKU!$A$6:$A$95,A15,ROBA_U_DOLASKU!$H$6:$H$95,3) -> 0 | O15: =SUMIFS(ROBA_U_DOLASKU!$B$6:$B$95,ROBA_U_DOLASKU!$A$6:$A$95,A15,ROBA_U_DOLASKU!$H$6:$H$95,3) -> 0 | P15: =IF(H15<=0,999,IF(O15>0,ROUND((F15-H15*N15+K15+M15+O15)/H15,1),IF(M15>0,ROUND((F15-H15*L15+K15+M15)/H15,1),IF(K15>0,ROUND((F15-H15*J15+K15)/H15,1),I15)))) -> 248.5 | Q15: =IF(H15<=0,"Nema prodaje",IF(AND(K15=0,M15=0,O15=0),IF(I15<POSTAVKE!$B$6,"Naruči odmah","Sve u redu"),IF(F15-H15*J15<0,"Rupa za ~"&TEXT(I15,"0.0")&" mj.",IF(AND(M15>0,F15-H15*L15+K15<0),"Rupa nakon 1. dolaska",IF(AND(O15>0,F15-H15*N15+K15+M15<0),"Rupa nakon 2. dolaska",IF(P15<POSTAVKE!$B$6,"Količina nije dovoljna",IF(I15>=POSTAVKE!$B$6,"Sve u redu","Stiže na vrijeme"))))))) -> Sve u redu | S15: =IFERROR(INDEX(PODACI_PRODAJA!B:B,MATCH($A15,PODACI_PRODAJA!$A:$A,0)),0) -> 0 | T15: =IFERROR(INDEX(PODACI_PRODAJA!C:C,MATCH($A15,PODACI_PRODAJA!$A:$A,0)),0) -> 0 | U15: =IFERROR(INDEX(PODACI_PRODAJA!D:D,MATCH($A15,PODACI_PRODAJA!$A:$A,0)),0) -> 0 | V15: =IFERROR(INDEX(PODACI_PRODAJA!E:E,MATCH($A15,PODACI_PRODAJA!$A:$A,0)),0) -> 0 | W15: =IFERROR(INDEX(PODACI_PRODAJA!F:F,MATCH($A15,PODACI_PRODAJA!$A:$A,0)),0) -> 0 | X15: =IFERROR(INDEX(PODACI_PRODAJA!G:G,MATCH($A15,PODACI_PRODAJA!$A:$A,0)),0) -> 0 | Y15: =IFERROR(INDEX(PODACI_PRODAJA!H:H,MATCH($A15,PODACI_PRODAJA!$A:$A,0)),0) -> 13 | Z15: =IFERROR(INDEX(PODACI_PRODAJA!I:I,MATCH($A15,PODACI_PRODAJA!$A:$A,0)),0) -> 0 | AA15: =IFERROR(INDEX(PODACI_PRODAJA!J:J,MATCH($A15,PODACI_PRODAJA!$A:$A,0)),0) -> 0 | AB15: =IFERROR(INDEX(PODACI_PRODAJA!K:K,MATCH($A15,PODACI_PRODAJA!$A:$A,0)),0) -> 0 | AC15: =IFERROR(INDEX(PODACI_PRODAJA!L:L,MATCH($A15,PODACI_PRODAJA!$A:$A,0)),0) -> 0 | AD15: =IFERROR(INDEX(PODACI_PRODAJA!M:M,MATCH($A15,PODACI_PRODAJA!$A:$A,0)),0) -> 0
A16: =PODACI_ZALIHE!A13 -> 17173 | B16: =PODACI_ZALIHE!B13 -> NERO KUPAONSKA KUKICA ZA RUČNIK - CRNA | C16: =PODACI_ZALIHE!C13 -> 6458 | D16: =PODACI_ZALIHE!D13 -> BOJIA TRADING LIMITED | E16: =IF(PODACI_ZALIHE!E13="","",PODACI_ZALIHE!E13) -> 401 | F16: =PODACI_ZALIHE!F13 -> 401 | G16: =IF(E16="","",E16-F16) -> 0 | H16: =PODACI_PRODAJA!N591 -> 4 | I16: =IF(H16<=0,999,ROUND(F16/H16,1)) -> 100.3 | J16: =SUMIFS(ROBA_U_DOLASKU!$C$6:$C$95,ROBA_U_DOLASKU!$A$6:$A$95,A16,ROBA_U_DOLASKU!$H$6:$H$95,1) -> 0 | K16: =SUMIFS(ROBA_U_DOLASKU!$B$6:$B$95,ROBA_U_DOLASKU!$A$6:$A$95,A16,ROBA_U_DOLASKU!$H$6:$H$95,1) -> 0 | L16: =SUMIFS(ROBA_U_DOLASKU!$C$6:$C$95,ROBA_U_DOLASKU!$A$6:$A$95,A16,ROBA_U_DOLASKU!$H$6:$H$95,2) -> 0 | M16: =SUMIFS(ROBA_U_DOLASKU!$B$6:$B$95,ROBA_U_DOLASKU!$A$6:$A$95,A16,ROBA_U_DOLASKU!$H$6:$H$95,2) -> 0 | N16: =SUMIFS(ROBA_U_DOLASKU!$C$6:$C$95,ROBA_U_DOLASKU!$A$6:$A$95,A16,ROBA_U_DOLASKU!$H$6:$H$95,3) -> 0 | O16: =SUMIFS(ROBA_U_DOLASKU!$B$6:$B$95,ROBA_U_DOLASKU!$A$6:$A$95,A16,ROBA_U_DOLASKU!$H$6:$H$95,3) -> 0 | P16: =IF(H16<=0,999,IF(O16>0,ROUND((F16-H16*N16+K16+M16+O16)/H16,1),IF(M16>0,ROUND((F16-H16*L16+K16+M16)/H16,1),IF(K16>0,ROUND((F16-H16*J16+K16)/H16,1),I16)))) -> 100.3 | Q16: =IF(H16<=0,"Nema prodaje",IF(AND(K16=0,M16=0,O16=0),IF(I16<POSTAVKE!$B$6,"Naruči odmah","Sve u redu"),IF(F16-H16*J16<0,"Rupa za ~"&TEXT(I16,"0.0")&" mj.",IF(AND(M16>0,F16-H16*L16+K16<0),"Rupa nakon 1. dolaska",IF(AND(O16>0,F16-H16*N16+K16+M16<0),"Rupa nakon 2. dolaska",IF(P16<POSTAVKE!$B$6,"Količina nije dovoljna",IF(I16>=POSTAVKE!$B$6,"Sve u redu","Stiže na vrijeme"))))))) -> Sve u redu | S16: =IFERROR(INDEX(PODACI_PRODAJA!B:B,MATCH($A16,PODACI_PRODAJA!$A:$A,0)),0) -> 0 | T16: =IFERROR(INDEX(PODACI_PRODAJA!C:C,MATCH($A16,PODACI_PRODAJA!$A:$A,0)),0) -> 1 | U16: =IFERROR(INDEX(PODACI_PRODAJA!D:D,MATCH($A16,PODACI_PRODAJA!$A:$A,0)),0) -> 0 | V16: =IFERROR(INDEX(PODACI_PRODAJA!E:E,MATCH($A16,PODACI_PRODAJA!$A:$A,0)),0) -> 7 | W16: =IFERROR(INDEX(PODACI_PRODAJA!F:F,MATCH($A16,PODACI_PRODAJA!$A:$A,0)),0) -> 12 | X16: =IFERROR(INDEX(PODACI_PRODAJA!G:G,MATCH($A16,PODACI_PRODAJA!$A:$A,0)),0) -> 2 | Y16: =IFERROR(INDEX(PODACI_PRODAJA!H:H,MATCH($A16,PODACI_PRODAJA!$A:$A,0)),0) -> 10 | Z16: =IFERROR(INDEX(PODACI_PRODAJA!I:I,MATCH($A16,PODACI_PRODAJA!$A:$A,0)),0) -> 0 | AA16: =IFERROR(INDEX(PODACI_PRODAJA!J:J,MATCH($A16,PODACI_PRODAJA!$A:$A,0)),0) -> 0 | AB16: =IFERROR(INDEX(PODACI_PRODAJA!K:K,MATCH($A16,PODACI_PRODAJA!$A:$A,0)),0) -> 0 | AC16: =IFERROR(INDEX(PODACI_PRODAJA!L:L,MATCH($A16,PODACI_PRODAJA!$A:$A,0)),0) -> 0 | AD16: =IFERROR(INDEX(PODACI_PRODAJA!M:M,MATCH($A16,PODACI_PRODAJA!$A:$A,0)),0) -> 0
A17: =PODACI_ZALIHE!A14 -> RDE320230 | B17: =PODACI_ZALIHE!B14 -> DASKA SOFT CLOSE ZA MOHO MONOBLOCK | C17: =PODACI_ZALIHE!C14 -> 6341 | D17: =PODACI_ZALIHE!D14 -> CORRAVENI INDUSTRIES CO., LTD. | E17: =IF(PODACI_ZALIHE!E14="","",PODACI_ZALIHE!E14) -> 380 | F17: =PODACI_ZALIHE!F14 -> 380 | G17: =IF(E17="","",E17-F17) -> 0 | H17: 0 | I17: =IF(H17<=0,999,ROUND(F17/H17,1)) -> 999 | J17: =SUMIFS(ROBA_U_DOLASKU!$C$6:$C$95,ROBA_U_DOLASKU!$A$6:$A$95,A17,ROBA_U_DOLASKU!$H$6:$H$95,1) -> 0 | K17: =SUMIFS(ROBA_U_DOLASKU!$B$6:$B$95,ROBA_U_DOLASKU!$A$6:$A$95,A17,ROBA_U_DOLASKU!$H$6:$H$95,1) -> 0 | L17: =SUMIFS(ROBA_U_DOLASKU!$C$6:$C$95,ROBA_U_DOLASKU!$A$6:$A$95,A17,ROBA_U_DOLASKU!$H$6:$H$95,2) -> 0 | M17: =SUMIFS(ROBA_U_DOLASKU!$B$6:$B$95,ROBA_U_DOLASKU!$A$6:$A$95,A17,ROBA_U_DOLASKU!$H$6:$H$95,2) -> 0 | N17: =SUMIFS(ROBA_U_DOLASKU!$C$6:$C$95,ROBA_U_DOLASKU!$A$6:$A$95,A17,ROBA_U_DOLASKU!$H$6:$H$95,3) -> 0 | O17: =SUMIFS(ROBA_U_DOLASKU!$B$6:$B$95,ROBA_U_DOLASKU!$A$6:$A$95,A17,ROBA_U_DOLASKU!$H$6:$H$95,3) -> 0 | P17: =IF(H17<=0,999,IF(O17>0,ROUND((F17-H17*N17+K17+M17+O17)/H17,1),IF(M17>0,ROUND((F17-H17*L17+K17+M17)/H17,1),IF(K17>0,ROUND((F17-H17*J17+K17)/H17,1),I17)))) -> 999 | Q17: =IF(H17<=0,"Nema prodaje",IF(AND(K17=0,M17=0,O17=0),IF(I17<POSTAVKE!$B$6,"Naruči odmah","Sve u redu"),IF(F17-H17*J17<0,"Rupa za ~"&TEXT(I17,"0.0")&" mj.",IF(AND(M17>0,F17-H17*L17+K17<0),"Rupa nakon 1. dolaska",IF(AND(O17>0,F17-H17*N17+K17+M17<0),"Rupa nakon 2. dolaska",IF(P17<POSTAVKE!$B$6,"Količina nije dovoljna",IF(I17>=POSTAVKE!$B$6,"Sve u redu","Stiže na vrijeme"))))))) -> Nema prodaje | S17: =IFERROR(INDEX(PODACI_PRODAJA!B:B,MATCH($A17,PODACI_PRODAJA!$A:$A,0)),0) -> 0 | T17: =IFERROR(INDEX(PODACI_PRODAJA!C:C,MATCH($A17,PODACI_PRODAJA!$A:$A,0)),0) -> 0 | U17: =IFERROR(INDEX(PODACI_PRODAJA!D:D,MATCH($A17,PODACI_PRODAJA!$A:$A,0)),0) -> 0 | V17: =IFERROR(INDEX(PODACI_PRODAJA!E:E,MATCH($A17,PODACI_PRODAJA!$A:$A,0)),0) -> 0 | W17: =IFERROR(INDEX(PODACI_PRODAJA!F:F,MATCH($A17,PODACI_PRODAJA!$A:$A,0)),0) -> 0 | X17: =IFERROR(INDEX(PODACI_PRODAJA!G:G,MATCH($A17,PODACI_PRODAJA!$A:$A,0)),0) -> 0 | Y17: =IFERROR(INDEX(PODACI_PRODAJA!H:H,MATCH($A17,PODACI_PRODAJA!$A:$A,0)),0) -> 0 | Z17: =IFERROR(INDEX(PODACI_PRODAJA!I:I,MATCH($A17,PODACI_PRODAJA!$A:$A,0)),0) -> 0 | AA17: =IFERROR(INDEX(PODACI_PRODAJA!J:J,MATCH($A17,PODACI_PRODAJA!$A:$A,0)),0) -> 0 | AB17: =IFERROR(INDEX(PODACI_PRODAJA!K:K,MATCH($A17,PODACI_PRODAJA!$A:$A,0)),0) -> 0 | AC17: =IFERROR(INDEX(PODACI_PRODAJA!L:L,MATCH($A17,PODACI_PRODAJA!$A:$A,0)),0) -> 0 | AD17: =IFERROR(INDEX(PODACI_PRODAJA!M:M,MATCH($A17,PODACI_PRODAJA!$A:$A,0)),0) -> 0
A18: =PODACI_ZALIHE!A15 -> 00720 | B18: =PODACI_ZALIHE!B15 -> KOTAČIĆI ZA TUŠ KABINE 4/1 | C18: =PODACI_ZALIHE!C15 -> 4328 | D18: =PODACI_ZALIHE!D15 -> HANGZHOU DUHUI IMPORT AND EXPORT CO.,LTD | E18: =IF(PODACI_ZALIHE!E15="","",PODACI_ZALIHE!E15) -> 385 | F18: =PODACI_ZALIHE!F15 -> 354 | G18: =IF(E18="","",E18-F18) -> 31 | H18: =PODACI_PRODAJA!N12 -> 83.13 | I18: =IF(H18<=0,999,ROUND(F18/H18,1)) -> 4.3 | J18: =SUMIFS(ROBA_U_DOLASKU!$C$6:$C$95,ROBA_U_DOLASKU!$A$6:$A$95,A18,ROBA_U_DOLASKU!$H$6:$H$95,1) -> 0 | K18: =SUMIFS(ROBA_U_DOLASKU!$B$6:$B$95,ROBA_U_DOLASKU!$A$6:$A$95,A18,ROBA_U_DOLASKU!$H$6:$H$95,1) -> 0 | L18: =SUMIFS(ROBA_U_DOLASKU!$C$6:$C$95,ROBA_U_DOLASKU!$A$6:$A$95,A18,ROBA_U_DOLASKU!$H$6:$H$95,2) -> 0 | M18: =SUMIFS(ROBA_U_DOLASKU!$B$6:$B$95,ROBA_U_DOLASKU!$A$6:$A$95,A18,ROBA_U_DOLASKU!$H$6:$H$95,2) -> 0 | N18: =SUMIFS(ROBA_U_DOLASKU!$C$6:$C$95,ROBA_U_DOLASKU!$A$6:$A$95,A18,ROBA_U_DOLASKU!$H$6:$H$95,3) -> 0 | O18: =SUMIFS(ROBA_U_DOLASKU!$B$6:$B$95,ROBA_U_DOLASKU!$A$6:$A$95,A18,ROBA_U_DOLASKU!$H$6:$H$95,3) -> 0 | P18: =IF(H18<=0,999,IF(O18>0,ROUND((F18-H18*N18+K18+M18+O18)/H18,1),IF(M18>0,ROUND((F18-H18*L18+K18+M18)/H18,1),IF(K18>0,ROUND((F18-H18*J18+K18)/H18,1),I18)))) -> 4.3 | Q18: =IF(H18<=0,"Nema prodaje",IF(AND(K18=0,M18=0,O18=0),IF(I18<POSTAVKE!$B$6,"Naruči odmah","Sve u redu"),IF(F18-H18*J18<0,"Rupa za ~"&TEXT(I18,"0.0")&" mj.",IF(AND(M18>0,F18-H18*L18+K18<0),"Rupa nakon 1. dolaska",IF(AND(O18>0,F18-H18*N18+K18+M18<0),"Rupa nakon 2. dolaska",IF(P18<POSTAVKE!$B$6,"Količina nije dovoljna",IF(I18>=POSTAVKE!$B$6,"Sve u redu","Stiže na vrijeme"))))))) -> Naruči odmah | S18: =IFERROR(INDEX(PODACI_PRODAJA!B:B,MATCH($A18,PODACI_PRODAJA!$A:$A,0)),0) -> 66 | T18: =IFERROR(INDEX(PODACI_PRODAJA!C:C,MATCH($A18,PODACI_PRODAJA!$A:$A,0)),0) -> 43 | U18: =IFERROR(INDEX(PODACI_PRODAJA!D:D,MATCH($A18,PODACI_PRODAJA!$A:$A,0)),0) -> 65 | V18: =IFERROR(INDEX(PODACI_PRODAJA!E:E,MATCH($A18,PODACI_PRODAJA!$A:$A,0)),0) -> 80 | W18: =IFERROR(INDEX(PODACI_PRODAJA!F:F,MATCH($A18,PODACI_PRODAJA!$A:$A,0)),0) -> 66 | X18: =IFERROR(INDEX(PODACI_PRODAJA!G:G,MATCH($A18,PODACI_PRODAJA!$A:$A,0)),0) -> 98 | Y18: =IFERROR(INDEX(PODACI_PRODAJA!H:H,MATCH($A18,PODACI_PRODAJA!$A:$A,0)),0) -> 141 | Z18: =IFERROR(INDEX(PODACI_PRODAJA!I:I,MATCH($A18,PODACI_PRODAJA!$A:$A,0)),0) -> 106 | AA18: =IFERROR(INDEX(PODACI_PRODAJA!J:J,MATCH($A18,PODACI_PRODAJA!$A:$A,0)),0) -> 31 | AB18: =IFERROR(INDEX(PODACI_PRODAJA!K:K,MATCH($A18,PODACI_PRODAJA!$A:$A,0)),0) -> 0 | AC18: =IFERROR(INDEX(PODACI_PRODAJA!L:L,MATCH($A18,PODACI_PRODAJA!$A:$A,0)),0) -> 0 | AD18: =IFERROR(INDEX(PODACI_PRODAJA!M:M,MATCH($A18,PODACI_PRODAJA!$A:$A,0)),0) -> 0
A19: =PODACI_ZALIHE!A16 -> 046204 | B19: =PODACI_ZALIHE!B16 -> ZELENA OBLOGA ZA ZID NATURA HERBA | C19: =PODACI_ZALIHE!C16 -> 6931 | D19: =PODACI_ZALIHE!D16 -> INTCO INTERNATIONAL (HK) CO., LIMITED | E19: =IF(PODACI_ZALIHE!E16="","",PODACI_ZALIHE!E16) -> 345 | F19: =PODACI_ZALIHE!F16 -> 345 | G19: =IF(E19="","",E19-F19) -> 0 | H19: =PODACI_PRODAJA!N441 -> 1.63 | I19: =IF(H19<=0,999,ROUND(F19/H19,1)) -> 211.7 | J19: =SUMIFS(ROBA_U_DOLASKU!$C$6:$C$95,ROBA_U_DOLASKU!$A$6:$A$95,A19,ROBA_U_DOLASKU!$H$6:$H$95,1) -> 0 | K19: =SUMIFS(ROBA_U_DOLASKU!$B$6:$B$95,ROBA_U_DOLASKU!$A$6:$A$95,A19,ROBA_U_DOLASKU!$H$6:$H$95,1) -> 0 | L19: =SUMIFS(ROBA_U_DOLASKU!$C$6:$C$95,ROBA_U_DOLASKU!$A$6:$A$95,A19,ROBA_U_DOLASKU!$H$6:$H$95,2) -> 0 | M19: =SUMIFS(ROBA_U_DOLASKU!$B$6:$B$95,ROBA_U_DOLASKU!$A$6:$A$95,A19,ROBA_U_DOLASKU!$H$6:$H$95,2) -> 0 | N19: =SUMIFS(ROBA_U_DOLASKU!$C$6:$C$95,ROBA_U_DOLASKU!$A$6:$A$95,A19,ROBA_U_DOLASKU!$H$6:$H$95,3) -> 0 | O19: =SUMIFS(ROBA_U_DOLASKU!$B$6:$B$95,ROBA_U_DOLASKU!$A$6:$A$95,A19,ROBA_U_DOLASKU!$H$6:$H$95,3) -> 0 | P19: =IF(H19<=0,999,IF(O19>0,ROUND((F19-H19*N19+K19+M19+O19)/H19,1),IF(M19>0,ROUND((F19-H19*L19+K19+M19)/H19,1),IF(K19>0,ROUND((F19-H19*J19+K19)/H19,1),I19)))) -> 211.7 | Q19: =IF(H19<=0,"Nema prodaje",IF(AND(K19=0,M19=0,O19=0),IF(I19<POSTAVKE!$B$6,"Naruči odmah","Sve u redu"),IF(F19-H19*J19<0,"Rupa za ~"&TEXT(I19,"0.0")&" mj.",IF(AND(M19>0,F19-H19*L19+K19<0),"Rupa nakon 1. dolaska",IF(AND(O19>0,F19-H19*N19+K19+M19<0),"Rupa nakon 2. dolaska",IF(P19<POSTAVKE!$B$6,"Količina nije dovoljna",IF(I19>=POSTAVKE!$B$6,"Sve u redu","Stiže na vrijeme"))))))) -> Sve u redu | S19: =IFERROR(INDEX(PODACI_PRODAJA!B:B,MATCH($A19,PODACI_PRODAJA!$A:$A,0)),0) -> 0 | T19: =IFERROR(INDEX(PODACI_PRODAJA!C:C,MATCH($A19,PODACI_PRODAJA!$A:$A,0)),0) -> 0 | U19: =IFERROR(INDEX(PODACI_PRODAJA!D:D,MATCH($A19,PODACI_PRODAJA!$A:$A,0)),0) -> 0 | V19: =IFERROR(INDEX(PODACI_PRODAJA!E:E,MATCH($A19,PODACI_PRODAJA!$A:$A,0)),0) -> 0 | W19: =IFERROR(INDEX(PODACI_PRODAJA!F:F,MATCH($A19,PODACI_PRODAJA!$A:$A,0)),0) -> 0 | X19: =IFERROR(INDEX(PODACI_PRODAJA!G:G,MATCH($A19,PODACI_PRODAJA!$A:$A,0)),0) -> 0 | Y19: =IFERROR(INDEX(PODACI_PRODAJA!H:H,MATCH($A19,PODACI_PRODAJA!$A:$A,0)),0) -> 13 | Z19: =IFERROR(INDEX(PODACI_PRODAJA!I:I,MATCH($A19,PODACI_PRODAJA!$A:$A,0)),0) -> 0 | AA19: =IFERROR(INDEX(PODACI_PRODAJA!J:J,MATCH($A19,PODACI_PRODAJA!$A:$A,0)),0) -> 0 | AB19: =IFERROR(INDEX(PODACI_PRODAJA!K:K,MATCH($A19,PODACI_PRODAJA!$A:$A,0)),0) -> 0 | AC19: =IFERROR(INDEX(PODACI_PRODAJA!L:L,MATCH($A19,PODACI_PRODAJA!$A:$A,0)),0) -> 0 | AD19: =IFERROR(INDEX(PODACI_PRODAJA!M:M,MATCH($A19,PODACI_PRODAJA!$A:$A,0)),0) -> 0
A20: =PODACI_ZALIHE!A17 -> 046202 | B20: =PODACI_ZALIHE!B17 -> ZELENA OBLOGA ZA ZID VERDE FOREST | C20: =PODACI_ZALIHE!C17 -> 6931 | D20: =PODACI_ZALIHE!D17 -> INTCO INTERNATIONAL (HK) CO., LIMITED | E20: =IF(PODACI_ZALIHE!E17="","",PODACI_ZALIHE!E17) -> 335 | F20: =PODACI_ZALIHE!F17 -> 335 | G20: =IF(E20="","",E20-F20) -> 0 | H20: =PODACI_PRODAJA!N439 -> 1.63 | I20: =IF(H20<=0,999,ROUND(F20/H20,1)) -> 205.5 | J20: =SUMIFS(ROBA_U_DOLASKU!$C$6:$C$95,ROBA_U_DOLASKU!$A$6:$A$95,A20,ROBA_U_DOLASKU!$H$6:$H$95,1) -> 0 | K20: =SUMIFS(ROBA_U_DOLASKU!$B$6:$B$95,ROBA_U_DOLASKU!$A$6:$A$95,A20,ROBA_U_DOLASKU!$H$6:$H$95,1) -> 0 | L20: =SUMIFS(ROBA_U_DOLASKU!$C$6:$C$95,ROBA_U_DOLASKU!$A$6:$A$95,A20,ROBA_U_DOLASKU!$H$6:$H$95,2) -> 0 | M20: =SUMIFS(ROBA_U_DOLASKU!$B$6:$B$95,ROBA_U_DOLASKU!$A$6:$A$95,A20,ROBA_U_DOLASKU!$H$6:$H$95,2) -> 0 | N20: =SUMIFS(ROBA_U_DOLASKU!$C$6:$C$95,ROBA_U_DOLASKU!$A$6:$A$95,A20,ROBA_U_DOLASKU!$H$6:$H$95,3) -> 0 | O20: =SUMIFS(ROBA_U_DOLASKU!$B$6:$B$95,ROBA_U_DOLASKU!$A$6:$A$95,A20,ROBA_U_DOLASKU!$H$6:$H$95,3) -> 0 | P20: =IF(H20<=0,999,IF(O20>0,ROUND((F20-H20*N20+K20+M20+O20)/H20,1),IF(M20>0,ROUND((F20-H20*L20+K20+M20)/H20,1),IF(K20>0,ROUND((F20-H20*J20+K20)/H20,1),I20)))) -> 205.5 | Q20: =IF(H20<=0,"Nema prodaje",IF(AND(K20=0,M20=0,O20=0),IF(I20<POSTAVKE!$B$6,"Naruči odmah","Sve u redu"),IF(F20-H20*J20<0,"Rupa za ~"&TEXT(I20,"0.0")&" mj.",IF(AND(M20>0,F20-H20*L20+K20<0),"Rupa nakon 1. dolaska",IF(AND(O20>0,F20-H20*N20+K20+M20<0),"Rupa nakon 2. dolaska",IF(P20<POSTAVKE!$B$6,"Količina nije dovoljna",IF(I20>=POSTAVKE!$B$6,"Sve u redu","Stiže na vrijeme"))))))) -> Sve u redu | S20: =IFERROR(INDEX(PODACI_PRODAJA!B:B,MATCH($A20,PODACI_PRODAJA!$A:$A,0)),0) -> 0 | T20: =IFERROR(INDEX(PODACI_PRODAJA!C:C,MATCH($A20,PODACI_PRODAJA!$A:$A,0)),0) -> 0 | U20: =IFERROR(INDEX(PODACI_PRODAJA!D:D,MATCH($A20,PODACI_PRODAJA!$A:$A,0)),0) -> 0 | V20: =IFERROR(INDEX(PODACI_PRODAJA!E:E,MATCH($A20,PODACI_PRODAJA!$A:$A,0)),0) -> 0 | W20: =IFERROR(INDEX(PODACI_PRODAJA!F:F,MATCH($A20,PODACI_PRODAJA!$A:$A,0)),0) -> 0 | X20: =IFERROR(INDEX(PODACI_PRODAJA!G:G,MATCH($A20,PODACI_PRODAJA!$A:$A,0)),0) -> 0 | Y20: =IFERROR(INDEX(PODACI_PRODAJA!H:H,MATCH($A20,PODACI_PRODAJA!$A:$A,0)),0) -> 13 | Z20: =IFERROR(INDEX(PODACI_PRODAJA!I:I,MATCH($A20,PODACI_PRODAJA!$A:$A,0)),0) -> 0 | AA20: =IFERROR(INDEX(PODACI_PRODAJA!J:J,MATCH($A20,PODACI_PRODAJA!$A:$A,0)),0) -> 0 | AB20: =IFERROR(INDEX(PODACI_PRODAJA!K:K,MATCH($A20,PODACI_PRODAJA!$A:$A,0)),0) -> 0 | AC20: =IFERROR(INDEX(PODACI_PRODAJA!L:L,MATCH($A20,PODACI_PRODAJA!$A:$A,0)),0) -> 0 | AD20: =IFERROR(INDEX(PODACI_PRODAJA!M:M,MATCH($A20,PODACI_PRODAJA!$A:$A,0)),0) -> 0
A21: =PODACI_ZALIHE!A18 -> 15399 | B21: =PODACI_ZALIHE!B18 -> PULSE 80 POLUKRUŽNA TUŠ KABINA 80X80X198 | C21: =PODACI_ZALIHE!C18 -> 6163 | D21: =PODACI_ZALIHE!D18 -> HANGZHOU TIANMEI INDUSTRY CO.,LTD | E21: =IF(PODACI_ZALIHE!E18="","",PODACI_ZALIHE!E18) -> 333 | F21: =PODACI_ZALIHE!F18 -> 321 | G21: =IF(E21="","",E21-F21) -> 12 | H21: =PODACI_PRODAJA!N18 -> 52.13 | I21: =IF(H21<=0,999,ROUND(F21/H21,1)) -> 6.2 | J21: =SUMIFS(ROBA_U_DOLASKU!$C$6:$C$95,ROBA_U_DOLASKU!$A$6:$A$95,A21,ROBA_U_DOLASKU!$H$6:$H$95,1) -> 2.4 | K21: =SUMIFS(ROBA_U_DOLASKU!$B$6:$B$95,ROBA_U_DOLASKU!$A$6:$A$95,A21,ROBA_U_DOLASKU!$H$6:$H$95,1) -> 50 | L21: =SUMIFS(ROBA_U_DOLASKU!$C$6:$C$95,ROBA_U_DOLASKU!$A$6:$A$95,A21,ROBA_U_DOLASKU!$H$6:$H$95,2) -> 0 | M21: =SUMIFS(ROBA_U_DOLASKU!$B$6:$B$95,ROBA_U_DOLASKU!$A$6:$A$95,A21,ROBA_U_DOLASKU!$H$6:$H$95,2) -> 0 | N21: =SUMIFS(ROBA_U_DOLASKU!$C$6:$C$95,ROBA_U_DOLASKU!$A$6:$A$95,A21,ROBA_U_DOLASKU!$H$6:$H$95,3) -> 0 | O21: =SUMIFS(ROBA_U_DOLASKU!$B$6:$B$95,ROBA_U_DOLASKU!$A$6:$A$95,A21,ROBA_U_DOLASKU!$H$6:$H$95,3) -> 0 | P21: =IF(H21<=0,999,IF(O21>0,ROUND((F21-H21*N21+K21+M21+O21)/H21,1),IF(M21>0,ROUND((F21-H21*L21+K21+M21)/H21,1),IF(K21>0,ROUND((F21-H21*J21+K21)/H21,1),I21)))) -> 4.7 | Q21: =IF(H21<=0,"Nema prodaje",IF(AND(K21=0,M21=0,O21=0),IF(I21<POSTAVKE!$B$6,"Naruči odmah","Sve u redu"),IF(F21-H21*J21<0,"Rupa za ~"&TEXT(I21,"0.0")&" mj.",IF(AND(M21>0,F21-H21*L21+K21<0),"Rupa nakon 1. dolaska",IF(AND(O21>0,F21-H21*N21+K21+M21<0),"Rupa nakon 2. dolaska",IF(P21<POSTAVKE!$B$6,"Količina nije dovoljna",IF(I21>=POSTAVKE!$B$6,"Sve u redu","Stiže na vrijeme"))))))) -> Količina nije dovoljna | S21: =IFERROR(INDEX(PODACI_PRODAJA!B:B,MATCH($A21,PODACI_PRODAJA!$A:$A,0)),0) -> 45 | T21: =IFERROR(INDEX(PODACI_PRODAJA!C:C,MATCH($A21,PODACI_PRODAJA!$A:$A,0)),0) -> 68 | U21: =IFERROR(INDEX(PODACI_PRODAJA!D:D,MATCH($A21,PODACI_PRODAJA!$A:$A,0)),0) -> 38 | V21: =IFERROR(INDEX(PODACI_PRODAJA!E:E,MATCH($A21,PODACI_PRODAJA!$A:$A,0)),0) -> 83 | W21: =IFERROR(INDEX(PODACI_PRODAJA!F:F,MATCH($A21,PODACI_PRODAJA!$A:$A,0)),0) -> 37 | X21: =IFERROR(INDEX(PODACI_PRODAJA!G:G,MATCH($A21,PODACI_PRODAJA!$A:$A,0)),0) -> 49 | Y21: =IFERROR(INDEX(PODACI_PRODAJA!H:H,MATCH($A21,PODACI_PRODAJA!$A:$A,0)),0) -> 40 | Z21: =IFERROR(INDEX(PODACI_PRODAJA!I:I,MATCH($A21,PODACI_PRODAJA!$A:$A,0)),0) -> 57 | AA21: =IFERROR(INDEX(PODACI_PRODAJA!J:J,MATCH($A21,PODACI_PRODAJA!$A:$A,0)),0) -> 12 | AB21: =IFERROR(INDEX(PODACI_PRODAJA!K:K,MATCH($A21,PODACI_PRODAJA!$A:$A,0)),0) -> 0 | AC21: =IFERROR(INDEX(PODACI_PRODAJA!L:L,MATCH($A21,PODACI_PRODAJA!$A:$A,0)),0) -> 0 | AD21: =IFERROR(INDEX(PODACI_PRODAJA!M:M,MATCH($A21,PODACI_PRODAJA!$A:$A,0)),0) -> 0
A22: =PODACI_ZALIHE!A19 -> 17174 | B22: =PODACI_ZALIHE!B19 -> NERO DRŽAČ TOALETNOG PAPIRA - CRNI | C22: =PODACI_ZALIHE!C19 -> 6458 | D22: =PODACI_ZALIHE!D19 -> BOJIA TRADING LIMITED | E22: =IF(PODACI_ZALIHE!E19="","",PODACI_ZALIHE!E19) -> 311 | F22: =PODACI_ZALIHE!F19 -> 311 | G22: =IF(E22="","",E22-F22) -> 0 | H22: =PODACI_PRODAJA!N592 -> 1.5 | I22: =IF(H22<=0,999,ROUND(F22/H22,1)) -> 207.3 | J22: =SUMIFS(ROBA_U_DOLASKU!$C$6:$C$95,ROBA_U_DOLASKU!$A$6:$A$95,A22,ROBA_U_DOLASKU!$H$6:$H$95,1) -> 0 | K22: =SUMIFS(ROBA_U_DOLASKU!$B$6:$B$95,ROBA_U_DOLASKU!$A$6:$A$95,A22,ROBA_U_DOLASKU!$H$6:$H$95,1) -> 0 | L22: =SUMIFS(ROBA_U_DOLASKU!$C$6:$C$95,ROBA_U_DOLASKU!$A$6:$A$95,A22,ROBA_U_DOLASKU!$H$6:$H$95,2) -> 0 | M22: =SUMIFS(ROBA_U_DOLASKU!$B$6:$B$95,ROBA_U_DOLASKU!$A$6:$A$95,A22,ROBA_U_DOLASKU!$H$6:$H$95,2) -> 0 | N22: =SUMIFS(ROBA_U_DOLASKU!$C$6:$C$95,ROBA_U_DOLASKU!$A$6:$A$95,A22,ROBA_U_DOLASKU!$H$6:$H$95,3) -> 0 | O22: =SUMIFS(ROBA_U_DOLASKU!$B$6:$B$95,ROBA_U_DOLASKU!$A$6:$A$95,A22,ROBA_U_DOLASKU!$H$6:$H$95,3) -> 0 | P22: =IF(H22<=0,999,IF(O22>0,ROUND((F22-H22*N22+K22+M22+O22)/H22,1),IF(M22>0,ROUND((F22-H22*L22+K22+M22)/H22,1),IF(K22>0,ROUND((F22-H22*J22+K22)/H22,1),I22)))) -> 207.3 | Q22: =IF(H22<=0,"Nema prodaje",IF(AND(K22=0,M22=0,O22=0),IF(I22<POSTAVKE!$B$6,"Naruči odmah","Sve u redu"),IF(F22-H22*J22<0,"Rupa za ~"&TEXT(I22,"0.0")&" mj.",IF(AND(M22>0,F22-H22*L22+K22<0),"Rupa nakon 1. dolaska",IF(AND(O22>0,F22-H22*N22+K22+M22<0),"Rupa nakon 2. dolaska",IF(P22<POSTAVKE!$B$6,"Količina nije dovoljna",IF(I22>=POSTAVKE!$B$6,"Sve u redu","Stiže na vrijeme"))))))) -> Sve u redu | S22: =IFERROR(INDEX(PODACI_PRODAJA!B:B,MATCH($A22,PODACI_PRODAJA!$A:$A,0)),0) -> 0 | T22: =IFERROR(INDEX(PODACI_PRODAJA!C:C,MATCH($A22,PODACI_PRODAJA!$A:$A,0)),0) -> 1 | U22: =IFERROR(INDEX(PODACI_PRODAJA!D:D,MATCH($A22,PODACI_PRODAJA!$A:$A,0)),0) -> 1 | V22: =IFERROR(INDEX(PODACI_PRODAJA!E:E,MATCH($A22,PODACI_PRODAJA!$A:$A,0)),0) -> 5 | W22: =IFERROR(INDEX(PODACI_PRODAJA!F:F,MATCH($A22,PODACI_PRODAJA!$A:$A,0)),0) -> 0 | X22: =IFERROR(INDEX(PODACI_PRODAJA!G:G,MATCH($A22,PODACI_PRODAJA!$A:$A,0)),0) -> 0 | Y22: =IFERROR(INDEX(PODACI_PRODAJA!H:H,MATCH($A22,PODACI_PRODAJA!$A:$A,0)),0) -> 5 | Z22: =IFERROR(INDEX(PODACI_PRODAJA!I:I,MATCH($A22,PODACI_PRODAJA!$A:$A,0)),0) -> 0 | AA22: =IFERROR(INDEX(PODACI_PRODAJA!J:J,MATCH($A22,PODACI_PRODAJA!$A:$A,0)),0) -> 0 | AB22: =IFERROR(INDEX(PODACI_PRODAJA!K:K,MATCH($A22,PODACI_PRODAJA!$A:$A,0)),0) -> 0 | AC22: =IFERROR(INDEX(PODACI_PRODAJA!L:L,MATCH($A22,PODACI_PRODAJA!$A:$A,0)),0) -> 0 | AD22: =IFERROR(INDEX(PODACI_PRODAJA!M:M,MATCH($A22,PODACI_PRODAJA!$A:$A,0)),0) -> 0
A23: =PODACI_ZALIHE!A20 -> 16935 | B23: =PODACI_ZALIHE!B20 -> ZOYA BLACK OGLEDALO R 80 cm | C23: =PODACI_ZALIHE!C20 -> 6032 | D23: =PODACI_ZALIHE!D20 -> HANGZHOU ZIHAN MIRROR INDUSTRY CO., LTD. | E23: =IF(PODACI_ZALIHE!E20="","",PODACI_ZALIHE!E20) -> 287 | F23: =PODACI_ZALIHE!F20 -> 282 | G23: =IF(E23="","",E23-F23) -> 5 | H23: =PODACI_PRODAJA!N120 -> 8.63 | I23: =IF(H23<=0,999,ROUND(F23/H23,1)) -> 32.7 | J23: =SUMIFS(ROBA_U_DOLASKU!$C$6:$C$95,ROBA_U_DOLASKU!$A$6:$A$95,A23,ROBA_U_DOLASKU!$H$6:$H$95,1) -> 0 | K23: =SUMIFS(ROBA_U_DOLASKU!$B$6:$B$95,ROBA_U_DOLASKU!$A$6:$A$95,A23,ROBA_U_DOLASKU!$H$6:$H$95,1) -> 0 | L23: =SUMIFS(ROBA_U_DOLASKU!$C$6:$C$95,ROBA_U_DOLASKU!$A$6:$A$95,A23,ROBA_U_DOLASKU!$H$6:$H$95,2) -> 0 | M23: =SUMIFS(ROBA_U_DOLASKU!$B$6:$B$95,ROBA_U_DOLASKU!$A$6:$A$95,A23,ROBA_U_DOLASKU!$H$6:$H$95,2) -> 0 | N23: =SUMIFS(ROBA_U_DOLASKU!$C$6:$C$95,ROBA_U_DOLASKU!$A$6:$A$95,A23,ROBA_U_DOLASKU!$H$6:$H$95,3) -> 0 | O23: =SUMIFS(ROBA_U_DOLASKU!$B$6:$B$95,ROBA_U_DOLASKU!$A$6:$A$95,A23,ROBA_U_DOLASKU!$H$6:$H$95,3) -> 0 | P23: =IF(H23<=0,999,IF(O23>0,ROUND((F23-H23*N23+K23+M23+O23)/H23,1),IF(M23>0,ROUND((F23-H23*L23+K23+M23)/H23,1),IF(K23>0,ROUND((F23-H23*J23+K23)/H23,1),I23)))) -> 32.7 | Q23: =IF(H23<=0,"Nema prodaje",IF(AND(K23=0,M23=0,O23=0),IF(I23<POSTAVKE!$B$6,"Naruči odmah","Sve u redu"),IF(F23-H23*J23<0,"Rupa za ~"&TEXT(I23,"0.0")&" mj.",IF(AND(M23>0,F23-H23*L23+K23<0),"Rupa nakon 1. dolaska",IF(AND(O23>0,F23-H23*N23+K23+M23<0),"Rupa nakon 2. dolaska",IF(P23<POSTAVKE!$B$6,"Količina nije dovoljna",IF(I23>=POSTAVKE!$B$6,"Sve u redu","Stiže na vrijeme"))))))) -> Sve u redu | S23: =IFERROR(INDEX(PODACI_PRODAJA!B:B,MATCH($A23,PODACI_PRODAJA!$A:$A,0)),0) -> 5 | T23: =IFERROR(INDEX(PODACI_PRODAJA!C:C,MATCH($A23,PODACI_PRODAJA!$A:$A,0)),0) -> 8 | U23: =IFERROR(INDEX(PODACI_PRODAJA!D:D,MATCH($A23,PODACI_PRODAJA!$A:$A,0)),0) -> 31 | V23: =IFERROR(INDEX(PODACI_PRODAJA!E:E,MATCH($A23,PODACI_PRODAJA!$A:$A,0)),0) -> 4 | W23: =IFERROR(INDEX(PODACI_PRODAJA!F:F,MATCH($A23,PODACI_PRODAJA!$A:$A,0)),0) -> 9 | X23: =IFERROR(INDEX(PODACI_PRODAJA!G:G,MATCH($A23,PODACI_PRODAJA!$A:$A,0)),0) -> 2 | Y23: =IFERROR(INDEX(PODACI_PRODAJA!H:H,MATCH($A23,PODACI_PRODAJA!$A:$A,0)),0) -> 4 | Z23: =IFERROR(INDEX(PODACI_PRODAJA!I:I,MATCH($A23,PODACI_PRODAJA!$A:$A,0)),0) -> 6 | AA23: =IFERROR(INDEX(PODACI_PRODAJA!J:J,MATCH($A23,PODACI_PRODAJA!$A:$A,0)),0) -> 5 | AB23: =IFERROR(INDEX(PODACI_PRODAJA!K:K,MATCH($A23,PODACI_PRODAJA!$A:$A,0)),0) -> 0 | AC23: =IFERROR(INDEX(PODACI_PRODAJA!L:L,MATCH($A23,PODACI_PRODAJA!$A:$A,0)),0) -> 0 | AD23: =IFERROR(INDEX(PODACI_PRODAJA!M:M,MATCH($A23,PODACI_PRODAJA!$A:$A,0)),0) -> 0
A24: =PODACI_ZALIHE!A21 -> 16793 | B24: =PODACI_ZALIHE!B21 -> GL00099 FLEKSIBILNI SIFON TUS KADE LUX 110 SLIM | C24: =PODACI_ZALIHE!C21 -> 3291 | D24: =PODACI_ZALIHE!D21 -> TEHNOEXPORT D.O.O. | E24: =IF(PODACI_ZALIHE!E21="","",PODACI_ZALIHE!E21) -> 281 | F24: =PODACI_ZALIHE!F21 -> 281 | G24: =IF(E24="","",E24-F24) -> 0 | H24: =PODACI_PRODAJA!N24 -> 32.5 | I24: =IF(H24<=0,999,ROUND(F24/H24,1)) -> 8.6 | J24: =SUMIFS(ROBA_U_DOLASKU!$C$6:$C$95,ROBA_U_DOLASKU!$A$6:$A$95,A24,ROBA_U_DOLASKU!$H$6:$H$95,1) -> 0 | K24: =SUMIFS(ROBA_U_DOLASKU!$B$6:$B$95,ROBA_U_DOLASKU!$A$6:$A$95,A24,ROBA_U_DOLASKU!$H$6:$H$95,1) -> 0 | L24: =SUMIFS(ROBA_U_DOLASKU!$C$6:$C$95,ROBA_U_DOLASKU!$A$6:$A$95,A24,ROBA_U_DOLASKU!$H$6:$H$95,2) -> 0 | M24: =SUMIFS(ROBA_U_DOLASKU!$B$6:$B$95,ROBA_U_DOLASKU!$A$6:$A$95,A24,ROBA_U_DOLASKU!$H$6:$H$95,2) -> 0 | N24: =SUMIFS(ROBA_U_DOLASKU!$C$6:$C$95,ROBA_U_DOLASKU!$A$6:$A$95,A24,ROBA_U_DOLASKU!$H$6:$H$95,3) -> 0 | O24: =SUMIFS(ROBA_U_DOLASKU!$B$6:$B$95,ROBA_U_DOLASKU!$A$6:$A$95,A24,ROBA_U_DOLASKU!$H$6:$H$95,3) -> 0 | P24: =IF(H24<=0,999,IF(O24>0,ROUND((F24-H24*N24+K24+M24+O24)/H24,1),IF(M24>0,ROUND((F24-H24*L24+K24+M24)/H24,1),IF(K24>0,ROUND((F24-H24*J24+K24)/H24,1),I24)))) -> 8.6 | Q24: =IF(H24<=0,"Nema prodaje",IF(AND(K24=0,M24=0,O24=0),IF(I24<POSTAVKE!$B$6,"Naruči odmah","Sve u redu"),IF(F24-H24*J24<0,"Rupa za ~"&TEXT(I24,"0.0")&" mj.",IF(AND(M24>0,F24-H24*L24+K24<0),"Rupa nakon 1. dolaska",IF(AND(O24>0,F24-H24*N24+K24+M24<0),"Rupa nakon 2. dolaska",IF(P24<POSTAVKE!$B$6,"Količina nije dovoljna",IF(I24>=POSTAVKE!$B$6,"Sve u redu","Stiže na vrijeme"))))))) -> Sve u redu | S24: =IFERROR(INDEX(PODACI_PRODAJA!B:B,MATCH($A24,PODACI_PRODAJA!$A:$A,0)),0) -> 36 | T24: =IFERROR(INDEX(PODACI_PRODAJA!C:C,MATCH($A24,PODACI_PRODAJA!$A:$A,0)),0) -> 24 | U24: =IFERROR(INDEX(PODACI_PRODAJA!D:D,MATCH($A24,PODACI_PRODAJA!$A:$A,0)),0) -> 38 | V24: =IFERROR(INDEX(PODACI_PRODAJA!E:E,MATCH($A24,PODACI_PRODAJA!$A:$A,0)),0) -> 53 | W24: =IFERROR(INDEX(PODACI_PRODAJA!F:F,MATCH($A24,PODACI_PRODAJA!$A:$A,0)),0) -> 21 | X24: =IFERROR(INDEX(PODACI_PRODAJA!G:G,MATCH($A24,PODACI_PRODAJA!$A:$A,0)),0) -> 23 | Y24: =IFERROR(INDEX(PODACI_PRODAJA!H:H,MATCH($A24,PODACI_PRODAJA!$A:$A,0)),0) -> 42 | Z24: =IFERROR(INDEX(PODACI_PRODAJA!I:I,MATCH($A24,PODACI_PRODAJA!$A:$A,0)),0) -> 23 | AA24: =IFERROR(INDEX(PODACI_PRODAJA!J:J,MATCH($A24,PODACI_PRODAJA!$A:$A,0)),0) -> 0 | AB24: =IFERROR(INDEX(PODACI_PRODAJA!K:K,MATCH($A24,PODACI_PRODAJA!$A:$A,0)),0) -> 0 | AC24: =IFERROR(INDEX(PODACI_PRODAJA!L:L,MATCH($A24,PODACI_PRODAJA!$A:$A,0)),0) -> 0 | AD24: =IFERROR(INDEX(PODACI_PRODAJA!M:M,MATCH($A24,PODACI_PRODAJA!$A:$A,0)),0) -> 0
A25: =PODACI_ZALIHE!A22 -> 15451 | B25: =PODACI_ZALIHE!B22 -> PULSE 90 POLUKRUŽNA TUŠ KABINA 90X90X198 | C25: =PODACI_ZALIHE!C22 -> 6163 | D25: =PODACI_ZALIHE!D22 -> HANGZHOU TIANMEI INDUSTRY CO.,LTD | E25: =IF(PODACI_ZALIHE!E22="","",PODACI_ZALIHE!E22) -> 304 | F25: =PODACI_ZALIHE!F22 -> 280 | G25: =IF(E25="","",E25-F25) -> 24 | H25: =PODACI_PRODAJA!N9 -> 51.63 | I25: =IF(H25<=0,999,ROUND(F25/H25,1)) -> 5.4 | J25: =SUMIFS(ROBA_U_DOLASKU!$C$6:$C$95,ROBA_U_DOLASKU!$A$6:$A$95,A25,ROBA_U_DOLASKU!$H$6:$H$95,1) -> 2.4 | K25: =SUMIFS(ROBA_U_DOLASKU!$B$6:$B$95,ROBA_U_DOLASKU!$A$6:$A$95,A25,ROBA_U_DOLASKU!$H$6:$H$95,1) -> 50 | L25: =SUMIFS(ROBA_U_DOLASKU!$C$6:$C$95,ROBA_U_DOLASKU!$A$6:$A$95,A25,ROBA_U_DOLASKU!$H$6:$H$95,2) -> 0 | M25: =SUMIFS(ROBA_U_DOLASKU!$B$6:$B$95,ROBA_U_DOLASKU!$A$6:$A$95,A25,ROBA_U_DOLASKU!$H$6:$H$95,2) -> 0 | N25: =SUMIFS(ROBA_U_DOLASKU!$C$6:$C$95,ROBA_U_DOLASKU!$A$6:$A$95,A25,ROBA_U_DOLASKU!$H$6:$H$95,3) -> 0 | O25: =SUMIFS(ROBA_U_DOLASKU!$B$6:$B$95,ROBA_U_DOLASKU!$A$6:$A$95,A25,ROBA_U_DOLASKU!$H$6:$H$95,3) -> 0 | P25: =IF(H25<=0,999,IF(O25>0,ROUND((F25-H25*N25+K25+M25+O25)/H25,1),IF(M25>0,ROUND((F25-H25*L25+K25+M25)/H25,1),IF(K25>0,ROUND((F25-H25*J25+K25)/H25,1),I25)))) -> 4 | Q25: =IF(H25<=0,"Nema prodaje",IF(AND(K25=0,M25=0,O25=0),IF(I25<POSTAVKE!$B$6,"Naruči odmah","Sve u redu"),IF(F25-H25*J25<0,"Rupa za ~"&TEXT(I25,"0.0")&" mj.",IF(AND(M25>0,F25-H25*L25+K25<0),"Rupa nakon 1. dolaska",IF(AND(O25>0,F25-H25*N25+K25+M25<0),"Rupa nakon 2. dolaska",IF(P25<POSTAVKE!$B$6,"Količina nije dovoljna",IF(I25>=POSTAVKE!$B$6,"Sve u redu","Stiže na vrijeme"))))))) -> Količina nije dovoljna | S25: =IFERROR(INDEX(PODACI_PRODAJA!B:B,MATCH($A25,PODACI_PRODAJA!$A:$A,0)),0) -> 80 | T25: =IFERROR(INDEX(PODACI_PRODAJA!C:C,MATCH($A25,PODACI_PRODAJA!$A:$A,0)),0) -> 42 | U25: =IFERROR(INDEX(PODACI_PRODAJA!D:D,MATCH($A25,PODACI_PRODAJA!$A:$A,0)),0) -> 29 | V25: =IFERROR(INDEX(PODACI_PRODAJA!E:E,MATCH($A25,PODACI_PRODAJA!$A:$A,0)),0) -> 20 | W25: =IFERROR(INDEX(PODACI_PRODAJA!F:F,MATCH($A25,PODACI_PRODAJA!$A:$A,0)),0) -> 59 | X25: =IFERROR(INDEX(PODACI_PRODAJA!G:G,MATCH($A25,PODACI_PRODAJA!$A:$A,0)),0) -> 74 | Y25: =IFERROR(INDEX(PODACI_PRODAJA!H:H,MATCH($A25,PODACI_PRODAJA!$A:$A,0)),0) -> 53 | Z25: =IFERROR(INDEX(PODACI_PRODAJA!I:I,MATCH($A25,PODACI_PRODAJA!$A:$A,0)),0) -> 56 | AA25: =IFERROR(INDEX(PODACI_PRODAJA!J:J,MATCH($A25,PODACI_PRODAJA!$A:$A,0)),0) -> 24 | AB25: =IFERROR(INDEX(PODACI_PRODAJA!K:K,MATCH($A25,PODACI_PRODAJA!$A:$A,0)),0) -> 0 | AC25: =IFERROR(INDEX(PODACI_PRODAJA!L:L,MATCH($A25,PODACI_PRODAJA!$A:$A,0)),0) -> 0 | AD25: =IFERROR(INDEX(PODACI_PRODAJA!M:M,MATCH($A25,PODACI_PRODAJA!$A:$A,0)),0) -> 0
A26: =PODACI_ZALIHE!A23 -> 00837 | B26: =PODACI_ZALIHE!B23 -> GL0000 FLEKSIBILNI SIFON ZA SUDOPER I UMIVAONIK 1/1 | C26: =PODACI_ZALIHE!C23 -> 3291 | D26: =PODACI_ZALIHE!D23 -> TEHNOEXPORT D.O.O. | E26: =IF(PODACI_ZALIHE!E23="","",PODACI_ZALIHE!E23) -> 277 | F26: =PODACI_ZALIHE!F23 -> 277 | G26: =IF(E26="","",E26-F26) -> 0 | H26: =PODACI_PRODAJA!N10 -> 129.5 | I26: =IF(H26<=0,999,ROUND(F26/H26,1)) -> 2.1 | J26: =SUMIFS(ROBA_U_DOLASKU!$C$6:$C$95,ROBA_U_DOLASKU!$A$6:$A$95,A26,ROBA_U_DOLASKU!$H$6:$H$95,1) -> 0 | K26: =SUMIFS(ROBA_U_DOLASKU!$B$6:$B$95,ROBA_U_DOLASKU!$A$6:$A$95,A26,ROBA_U_DOLASKU!$H$6:$H$95,1) -> 0 | L26: =SUMIFS(ROBA_U_DOLASKU!$C$6:$C$95,ROBA_U_DOLASKU!$A$6:$A$95,A26,ROBA_U_DOLASKU!$H$6:$H$95,2) -> 0 | M26: =SUMIFS(ROBA_U_DOLASKU!$B$6:$B$95,ROBA_U_DOLASKU!$A$6:$A$95,A26,ROBA_U_DOLASKU!$H$6:$H$95,2) -> 0 | N26: =SUMIFS(ROBA_U_DOLASKU!$C$6:$C$95,ROBA_U_DOLASKU!$A$6:$A$95,A26,ROBA_U_DOLASKU!$H$6:$H$95,3) -> 0 | O26: =SUMIFS(ROBA_U_DOLASKU!$B$6:$B$95,ROBA_U_DOLASKU!$A$6:$A$95,A26,ROBA_U_DOLASKU!$H$6:$H$95,3) -> 0 | P26: =IF(H26<=0,999,IF(O26>0,ROUND((F26-H26*N26+K26+M26+O26)/H26,1),IF(M26>0,ROUND((F26-H26*L26+K26+M26)/H26,1),IF(K26>0,ROUND((F26-H26*J26+K26)/H26,1),I26)))) -> 2.1 | Q26: =IF(H26<=0,"Nema prodaje",IF(AND(K26=0,M26=0,O26=0),IF(I26<POSTAVKE!$B$6,"Naruči odmah","Sve u redu"),IF(F26-H26*J26<0,"Rupa za ~"&TEXT(I26,"0.0")&" mj.",IF(AND(M26>0,F26-H26*L26+K26<0),"Rupa nakon 1. dolaska",IF(AND(O26>0,F26-H26*N26+K26+M26<0),"Rupa nakon 2. dolaska",IF(P26<POSTAVKE!$B$6,"Količina nije dovoljna",IF(I26>=POSTAVKE!$B$6,"Sve u redu","Stiže na vrijeme"))))))) -> Naruči odmah | S26: =IFERROR(INDEX(PODACI_PRODAJA!B:B,MATCH($A26,PODACI_PRODAJA!$A:$A,0)),0) -> 77 | T26: =IFERROR(INDEX(PODACI_PRODAJA!C:C,MATCH($A26,PODACI_PRODAJA!$A:$A,0)),0) -> 121 | U26: =IFERROR(INDEX(PODACI_PRODAJA!D:D,MATCH($A26,PODACI_PRODAJA!$A:$A,0)),0) -> 138 | V26: =IFERROR(INDEX(PODACI_PRODAJA!E:E,MATCH($A26,PODACI_PRODAJA!$A:$A,0)),0) -> 163 | W26: =IFERROR(INDEX(PODACI_PRODAJA!F:F,MATCH($A26,PODACI_PRODAJA!$A:$A,0)),0) -> 114 | X26: =IFERROR(INDEX(PODACI_PRODAJA!G:G,MATCH($A26,PODACI_PRODAJA!$A:$A,0)),0) -> 126 | Y26: =IFERROR(INDEX(PODACI_PRODAJA!H:H,MATCH($A26,PODACI_PRODAJA!$A:$A,0)),0) -> 177 | Z26: =IFERROR(INDEX(PODACI_PRODAJA!I:I,MATCH($A26,PODACI_PRODAJA!$A:$A,0)),0) -> 120 | AA26: =IFERROR(INDEX(PODACI_PRODAJA!J:J,MATCH($A26,PODACI_PRODAJA!$A:$A,0)),0) -> 0 | AB26: =IFERROR(INDEX(PODACI_PRODAJA!K:K,MATCH($A26,PODACI_PRODAJA!$A:$A,0)),0) -> 0 | AC26: =IFERROR(INDEX(PODACI_PRODAJA!L:L,MATCH($A26,PODACI_PRODAJA!$A:$A,0)),0) -> 0 | AD26: =IFERROR(INDEX(PODACI_PRODAJA!M:M,MATCH($A26,PODACI_PRODAJA!$A:$A,0)),0) -> 0
A27: =PODACI_ZALIHE!A24 -> 00850 | B27: =PODACI_ZALIHE!B24 -> GL00098 FLEKSIBILNI SIFON ZA TUŠ KADU LUX 110 mm | C27: =PODACI_ZALIHE!C24 -> 3291 | D27: =PODACI_ZALIHE!D24 -> TEHNOEXPORT D.O.O. | E27: =IF(PODACI_ZALIHE!E24="","",PODACI_ZALIHE!E24) -> 317 | F27: =PODACI_ZALIHE!F24 -> 263 | G27: =IF(E27="","",E27-F27) -> 54 | H27: =PODACI_PRODAJA!N6 -> 123.5 | I27: =IF(H27<=0,999,ROUND(F27/H27,1)) -> 2.1 | J27: =SUMIFS(ROBA_U_DOLASKU!$C$6:$C$95,ROBA_U_DOLASKU!$A$6:$A$95,A27,ROBA_U_DOLASKU!$H$6:$H$95,1) -> 0 | K27: =SUMIFS(ROBA_U_DOLASKU!$B$6:$B$95,ROBA_U_DOLASKU!$A$6:$A$95,A27,ROBA_U_DOLASKU!$H$6:$H$95,1) -> 0 | L27: =SUMIFS(ROBA_U_DOLASKU!$C$6:$C$95,ROBA_U_DOLASKU!$A$6:$A$95,A27,ROBA_U_DOLASKU!$H$6:$H$95,2) -> 0 | M27: =SUMIFS(ROBA_U_DOLASKU!$B$6:$B$95,ROBA_U_DOLASKU!$A$6:$A$95,A27,ROBA_U_DOLASKU!$H$6:$H$95,2) -> 0 | N27: =SUMIFS(ROBA_U_DOLASKU!$C$6:$C$95,ROBA_U_DOLASKU!$A$6:$A$95,A27,ROBA_U_DOLASKU!$H$6:$H$95,3) -> 0 | O27: =SUMIFS(ROBA_U_DOLASKU!$B$6:$B$95,ROBA_U_DOLASKU!$A$6:$A$95,A27,ROBA_U_DOLASKU!$H$6:$H$95,3) -> 0 | P27: =IF(H27<=0,999,IF(O27>0,ROUND((F27-H27*N27+K27+M27+O27)/H27,1),IF(M27>0,ROUND((F27-H27*L27+K27+M27)/H27,1),IF(K27>0,ROUND((F27-H27*J27+K27)/H27,1),I27)))) -> 2.1 | Q27: =IF(H27<=0,"Nema prodaje",IF(AND(K27=0,M27=0,O27=0),IF(I27<POSTAVKE!$B$6,"Naruči odmah","Sve u redu"),IF(F27-H27*J27<0,"Rupa za ~"&TEXT(I27,"0.0")&" mj.",IF(AND(M27>0,F27-H27*L27+K27<0),"Rupa nakon 1. dolaska",IF(AND(O27>0,F27-H27*N27+K27+M27<0),"Rupa nakon 2. dolaska",IF(P27<POSTAVKE!$B$6,"Količina nije dovoljna",IF(I27>=POSTAVKE!$B$6,"Sve u redu","Stiže na vrijeme"))))))) -> Naruči odmah | S27: =IFERROR(INDEX(PODACI_PRODAJA!B:B,MATCH($A27,PODACI_PRODAJA!$A:$A,0)),0) -> 108 | T27: =IFERROR(INDEX(PODACI_PRODAJA!C:C,MATCH($A27,PODACI_PRODAJA!$A:$A,0)),0) -> 58 | U27: =IFERROR(INDEX(PODACI_PRODAJA!D:D,MATCH($A27,PODACI_PRODAJA!$A:$A,0)),0) -> 182 | V27: =IFERROR(INDEX(PODACI_PRODAJA!E:E,MATCH($A27,PODACI_PRODAJA!$A:$A,0)),0) -> 132 | W27: =IFERROR(INDEX(PODACI_PRODAJA!F:F,MATCH($A27,PODACI_PRODAJA!$A:$A,0)),0) -> 118 | X27: =IFERROR(INDEX(PODACI_PRODAJA!G:G,MATCH($A27,PODACI_PRODAJA!$A:$A,0)),0) -> 171 | Y27: =IFERROR(INDEX(PODACI_PRODAJA!H:H,MATCH($A27,PODACI_PRODAJA!$A:$A,0)),0) -> 111 | Z27: =IFERROR(INDEX(PODACI_PRODAJA!I:I,MATCH($A27,PODACI_PRODAJA!$A:$A,0)),0) -> 108 | AA27: =IFERROR(INDEX(PODACI_PRODAJA!J:J,MATCH($A27,PODACI_PRODAJA!$A:$A,0)),0) -> 50 | AB27: =IFERROR(INDEX(PODACI_PRODAJA!K:K,MATCH($A27,PODACI_PRODAJA!$A:$A,0)),0) -> 0 | AC27: =IFERROR(INDEX(PODACI_PRODAJA!L:L,MATCH($A27,PODACI_PRODAJA!$A:$A,0)),0) -> 0 | AD27: =IFERROR(INDEX(PODACI_PRODAJA!M:M,MATCH($A27,PODACI_PRODAJA!$A:$A,0)),0) -> 0
A28: =PODACI_ZALIHE!A25 -> 18750 | B28: =PODACI_ZALIHE!B25 -> ZIDNI PANEL PVC TAMNI SMEĐI ORAH 3000x400x5 mm | C28: =PODACI_ZALIHE!C25 -> 6931 | D28: =PODACI_ZALIHE!D25 -> INTCO INTERNATIONAL (HK) CO., LIMITED | E28: =IF(PODACI_ZALIHE!E25="","",PODACI_ZALIHE!E25) -> 252 | F28: =PODACI_ZALIHE!F25 -> 251 | G28: =IF(E28="","",E28-F28) -> 1 | H28: =PODACI_PRODAJA!N705 -> 0 | I28: =IF(H28<=0,999,ROUND(F28/H28,1)) -> 999 | J28: =SUMIFS(ROBA_U_DOLASKU!$C$6:$C$95,ROBA_U_DOLASKU!$A$6:$A$95,A28,ROBA_U_DOLASKU!$H$6:$H$95,1) -> 0 | K28: =SUMIFS(ROBA_U_DOLASKU!$B$6:$B$95,ROBA_U_DOLASKU!$A$6:$A$95,A28,ROBA_U_DOLASKU!$H$6:$H$95,1) -> 0 | L28: =SUMIFS(ROBA_U_DOLASKU!$C$6:$C$95,ROBA_U_DOLASKU!$A$6:$A$95,A28,ROBA_U_DOLASKU!$H$6:$H$95,2) -> 0 | M28: =SUMIFS(ROBA_U_DOLASKU!$B$6:$B$95,ROBA_U_DOLASKU!$A$6:$A$95,A28,ROBA_U_DOLASKU!$H$6:$H$95,2) -> 0 | N28: =SUMIFS(ROBA_U_DOLASKU!$C$6:$C$95,ROBA_U_DOLASKU!$A$6:$A$95,A28,ROBA_U_DOLASKU!$H$6:$H$95,3) -> 0 | O28: =SUMIFS(ROBA_U_DOLASKU!$B$6:$B$95,ROBA_U_DOLASKU!$A$6:$A$95,A28,ROBA_U_DOLASKU!$H$6:$H$95,3) -> 0 | P28: =IF(H28<=0,999,IF(O28>0,ROUND((F28-H28*N28+K28+M28+O28)/H28,1),IF(M28>0,ROUND((F28-H28*L28+K28+M28)/H28,1),IF(K28>0,ROUND((F28-H28*J28+K28)/H28,1),I28)))) -> 999 | Q28: =IF(H28<=0,"Nema prodaje",IF(AND(K28=0,M28=0,O28=0),IF(I28<POSTAVKE!$B$6,"Naruči odmah","Sve u redu"),IF(F28-H28*J28<0,"Rupa za ~"&TEXT(I28,"0.0")&" mj.",IF(AND(M28>0,F28-H28*L28+K28<0),"Rupa nakon 1. dolaska",IF(AND(O28>0,F28-H28*N28+K28+M28<0),"Rupa nakon 2. dolaska",IF(P28<POSTAVKE!$B$6,"Količina nije dovoljna",IF(I28>=POSTAVKE!$B$6,"Sve u redu","Stiže na vrijeme"))))))) -> Nema prodaje | S28: =IFERROR(INDEX(PODACI_PRODAJA!B:B,MATCH($A28,PODACI_PRODAJA!$A:$A,0)),0) -> 0 | T28: =IFERROR(INDEX(PODACI_PRODAJA!C:C,MATCH($A28,PODACI_PRODAJA!$A:$A,0)),0) -> 0 | U28: =IFERROR(INDEX(PODACI_PRODAJA!D:D,MATCH($A28,PODACI_PRODAJA!$A:$A,0)),0) -> 0 | V28: =IFERROR(INDEX(PODACI_PRODAJA!E:E,MATCH($A28,PODACI_PRODAJA!$A:$A,0)),0) -> 0 | W28: =IFERROR(INDEX(PODACI_PRODAJA!F:F,MATCH($A28,PODACI_PRODAJA!$A:$A,0)),0) -> 0 | X28: =IFERROR(INDEX(PODACI_PRODAJA!G:G,MATCH($A28,PODACI_PRODAJA!$A:$A,0)),0) -> 0 | Y28: =IFERROR(INDEX(PODACI_PRODAJA!H:H,MATCH($A28,PODACI_PRODAJA!$A:$A,0)),0) -> 0 | Z28: =IFERROR(INDEX(PODACI_PRODAJA!I:I,MATCH($A28,PODACI_PRODAJA!$A:$A,0)),0) -> 0 | AA28: =IFERROR(INDEX(PODACI_PRODAJA!J:J,MATCH($A28,PODACI_PRODAJA!$A:$A,0)),0) -> 0 | AB28: =IFERROR(INDEX(PODACI_PRODAJA!K:K,MATCH($A28,PODACI_PRODAJA!$A:$A,0)),0) -> 0 | AC28: =IFERROR(INDEX(PODACI_PRODAJA!L:L,MATCH($A28,PODACI_PRODAJA!$A:$A,0)),0) -> 0 | AD28: =IFERROR(INDEX(PODACI_PRODAJA!M:M,MATCH($A28,PODACI_PRODAJA!$A:$A,0)),0) -> 0
A29: =PODACI_ZALIHE!A26 -> 18751 | B29: =PODACI_ZALIHE!B26 -> ZIDNI PANEL PVC ANTRACIT DRVO MAT 3000x400x8 mm | C29: =PODACI_ZALIHE!C26 -> 6931 | D29: =PODACI_ZALIHE!D26 -> INTCO INTERNATIONAL (HK) CO., LIMITED | E29: =IF(PODACI_ZALIHE!E26="","",PODACI_ZALIHE!E26) -> 252 | F29: =PODACI_ZALIHE!F26 -> 251 | G29: =IF(E29="","",E29-F29) -> 1 | H29: =PODACI_PRODAJA!N706 -> 0 | I29: =IF(H29<=0,999,ROUND(F29/H29,1)) -> 999 | J29: =SUMIFS(ROBA_U_DOLASKU!$C$6:$C$95,ROBA_U_DOLASKU!$A$6:$A$95,A29,ROBA_U_DOLASKU!$H$6:$H$95,1) -> 0 | K29: =SUMIFS(ROBA_U_DOLASKU!$B$6:$B$95,ROBA_U_DOLASKU!$A$6:$A$95,A29,ROBA_U_DOLASKU!$H$6:$H$95,1) -> 0 | L29: =SUMIFS(ROBA_U_DOLASKU!$C$6:$C$95,ROBA_U_DOLASKU!$A$6:$A$95,A29,ROBA_U_DOLASKU!$H$6:$H$95,2) -> 0 | M29: =SUMIFS(ROBA_U_DOLASKU!$B$6:$B$95,ROBA_U_DOLASKU!$A$6:$A$95,A29,ROBA_U_DOLASKU!$H$6:$H$95,2) -> 0 | N29: =SUMIFS(ROBA_U_DOLASKU!$C$6:$C$95,ROBA_U_DOLASKU!$A$6:$A$95,A29,ROBA_U_DOLASKU!$H$6:$H$95,3) -> 0 | O29: =SUMIFS(ROBA_U_DOLASKU!$B$6:$B$95,ROBA_U_DOLASKU!$A$6:$A$95,A29,ROBA_U_DOLASKU!$H$6:$H$95,3) -> 0 | P29: =IF(H29<=0,999,IF(O29>0,ROUND((F29-H29*N29+K29+M29+O29)/H29,1),IF(M29>0,ROUND((F29-H29*L29+K29+M29)/H29,1),IF(K29>0,ROUND((F29-H29*J29+K29)/H29,1),I29)))) -> 999 | Q29: =IF(H29<=0,"Nema prodaje",IF(AND(K29=0,M29=0,O29=0),IF(I29<POSTAVKE!$B$6,"Naruči odmah","Sve u redu"),IF(F29-H29*J29<0,"Rupa za ~"&TEXT(I29,"0.0")&" mj.",IF(AND(M29>0,F29-H29*L29+K29<0),"Rupa nakon 1. dolaska",IF(AND(O29>0,F29-H29*N29+K29+M29<0),"Rupa nakon 2. dolaska",IF(P29<POSTAVKE!$B$6,"Količina nije dovoljna",IF(I29>=POSTAVKE!$B$6,"Sve u redu","Stiže na vrijeme"))))))) -> Nema prodaje | S29: =IFERROR(INDEX(PODACI_PRODAJA!B:B,MATCH($A29,PODACI_PRODAJA!$A:$A,0)),0) -> 0 | T29: =IFERROR(INDEX(PODACI_PRODAJA!C:C,MATCH($A29,PODACI_PRODAJA!$A:$A,0)),0) -> 0 | U29: =IFERROR(INDEX(PODACI_PRODAJA!D:D,MATCH($A29,PODACI_PRODAJA!$A:$A,0)),0) -> 0 | V29: =IFERROR(INDEX(PODACI_PRODAJA!E:E,MATCH($A29,PODACI_PRODAJA!$A:$A,0)),0) -> 0 | W29: =IFERROR(INDEX(PODACI_PRODAJA!F:F,MATCH($A29,PODACI_PRODAJA!$A:$A,0)),0) -> 0 | X29: =IFERROR(INDEX(PODACI_PRODAJA!G:G,MATCH($A29,PODACI_PRODAJA!$A:$A,0)),0) -> 0 | Y29: =IFERROR(INDEX(PODACI_PRODAJA!H:H,MATCH($A29,PODACI_PRODAJA!$A:$A,0)),0) -> 0 | Z29: =IFERROR(INDEX(PODACI_PRODAJA!I:I,MATCH($A29,PODACI_PRODAJA!$A:$A,0)),0) -> 0 | AA29: =IFERROR(INDEX(PODACI_PRODAJA!J:J,MATCH($A29,PODACI_PRODAJA!$A:$A,0)),0) -> 0 | AB29: =IFERROR(INDEX(PODACI_PRODAJA!K:K,MATCH($A29,PODACI_PRODAJA!$A:$A,0)),0) -> 0 | AC29: =IFERROR(INDEX(PODACI_PRODAJA!L:L,MATCH($A29,PODACI_PRODAJA!$A:$A,0)),0) -> 0 | AD29: =IFERROR(INDEX(PODACI_PRODAJA!M:M,MATCH($A29,PODACI_PRODAJA!$A:$A,0)),0) -> 0
A30: =PODACI_ZALIHE!A27 -> 18752 | B30: =PODACI_ZALIHE!B27 -> ZIDNI PANEL PVC VINTAGE SMEĐE DRVO 3000x400x8 mm | C30: =PODACI_ZALIHE!C27 -> 6931 | D30: =PODACI_ZALIHE!D27 -> INTCO INTERNATIONAL (HK) CO., LIMITED | E30: =IF(PODACI_ZALIHE!E27="","",PODACI_ZALIHE!E27) -> 252 | F30: =PODACI_ZALIHE!F27 -> 251 | G30: =IF(E30="","",E30-F30) -> 1 | H30: =PODACI_PRODAJA!N707 -> 0 | I30: =IF(H30<=0,999,ROUND(F30/H30,1)) -> 999 | J30: =SUMIFS(ROBA_U_DOLASKU!$C$6:$C$95,ROBA_U_DOLASKU!$A$6:$A$95,A30,ROBA_U_DOLASKU!$H$6:$H$95,1) -> 0 | K30: =SUMIFS(ROBA_U_DOLASKU!$B$6:$B$95,ROBA_U_DOLASKU!$A$6:$A$95,A30,ROBA_U_DOLASKU!$H$6:$H$95,1) -> 0 | L30: =SUMIFS(ROBA_U_DOLASKU!$C$6:$C$95,ROBA_U_DOLASKU!$A$6:$A$95,A30,ROBA_U_DOLASKU!$H$6:$H$95,2) -> 0 | M30: =SUMIFS(ROBA_U_DOLASKU!$B$6:$B$95,ROBA_U_DOLASKU!$A$6:$A$95,A30,ROBA_U_DOLASKU!$H$6:$H$95,2) -> 0 | N30: =SUMIFS(ROBA_U_DOLASKU!$C$6:$C$95,ROBA_U_DOLASKU!$A$6:$A$95,A30,ROBA_U_DOLASKU!$H$6:$H$95,3) -> 0 | O30: =SUMIFS(ROBA_U_DOLASKU!$B$6:$B$95,ROBA_U_DOLASKU!$A$6:$A$95,A30,ROBA_U_DOLASKU!$H$6:$H$95,3) -> 0 | P30: =IF(H30<=0,999,IF(O30>0,ROUND((F30-H30*N30+K30+M30+O30)/H30,1),IF(M30>0,ROUND((F30-H30*L30+K30+M30)/H30,1),IF(K30>0,ROUND((F30-H30*J30+K30)/H30,1),I30)))) -> 999 | Q30: =IF(H30<=0,"Nema prodaje",IF(AND(K30=0,M30=0,O30=0),IF(I30<POSTAVKE!$B$6,"Naruči odmah","Sve u redu"),IF(F30-H30*J30<0,"Rupa za ~"&TEXT(I30,"0.0")&" mj.",IF(AND(M30>0,F30-H30*L30+K30<0),"Rupa nakon 1. dolaska",IF(AND(O30>0,F30-H30*N30+K30+M30<0),"Rupa nakon 2. dolaska",IF(P30<POSTAVKE!$B$6,"Količina nije dovoljna",IF(I30>=POSTAVKE!$B$6,"Sve u redu","Stiže na vrijeme"))))))) -> Nema prodaje | S30: =IFERROR(INDEX(PODACI_PRODAJA!B:B,MATCH($A30,PODACI_PRODAJA!$A:$A,0)),0) -> 0 | T30: =IFERROR(INDEX(PODACI_PRODAJA!C:C,MATCH($A30,PODACI_PRODAJA!$A:$A,0)),0) -> 0 | U30: =IFERROR(INDEX(PODACI_PRODAJA!D:D,MATCH($A30,PODACI_PRODAJA!$A:$A,0)),0) -> 0 | V30: =IFERROR(INDEX(PODACI_PRODAJA!E:E,MATCH($A30,PODACI_PRODAJA!$A:$A,0)),0) -> 0 | W30: =IFERROR(INDEX(PODACI_PRODAJA!F:F,MATCH($A30,PODACI_PRODAJA!$A:$A,0)),0) -> 0 | X30: =IFERROR(INDEX(PODACI_PRODAJA!G:G,MATCH($A30,PODACI_PRODAJA!$A:$A,0)),0) -> 0 | Y30: =IFERROR(INDEX(PODACI_PRODAJA!H:H,MATCH($A30,PODACI_PRODAJA!$A:$A,0)),0) -> 0 | Z30: =IFERROR(INDEX(PODACI_PRODAJA!I:I,MATCH($A30,PODACI_PRODAJA!$A:$A,0)),0) -> 0 | AA30: =IFERROR(INDEX(PODACI_PRODAJA!J:J,MATCH($A30,PODACI_PRODAJA!$A:$A,0)),0) -> 0 | AB30: =IFERROR(INDEX(PODACI_PRODAJA!K:K,MATCH($A30,PODACI_PRODAJA!$A:$A,0)),0) -> 0 | AC30: =IFERROR(INDEX(PODACI_PRODAJA!L:L,MATCH($A30,PODACI_PRODAJA!$A:$A,0)),0) -> 0 | AD30: =IFERROR(INDEX(PODACI_PRODAJA!M:M,MATCH($A30,PODACI_PRODAJA!$A:$A,0)),0) -> 0
A31: =PODACI_ZALIHE!A28 -> 00834 | B31: =PODACI_ZALIHE!B28 -> GL11425 SIFON ZA UMIVAONIK CLICK MESING | C31: =PODACI_ZALIHE!C28 -> 3291 | D31: =PODACI_ZALIHE!D28 -> TEHNOEXPORT D.O.O. | E31: =IF(PODACI_ZALIHE!E28="","",PODACI_ZALIHE!E28) -> 272 | F31: =PODACI_ZALIHE!F28 -> 236 | G31: =IF(E31="","",E31-F31) -> 36 | H31: =PODACI_PRODAJA!N4 -> 126 | I31: =IF(H31<=0,999,ROUND(F31/H31,1)) -> 1.9 | J31: =SUMIFS(ROBA_U_DOLASKU!$C$6:$C$95,ROBA_U_DOLASKU!$A$6:$A$95,A31,ROBA_U_DOLASKU!$H$6:$H$95,1) -> 0 | K31: =SUMIFS(ROBA_U_DOLASKU!$B$6:$B$95,ROBA_U_DOLASKU!$A$6:$A$95,A31,ROBA_U_DOLASKU!$H$6:$H$95,1) -> 0 | L31: =SUMIFS(ROBA_U_DOLASKU!$C$6:$C$95,ROBA_U_DOLASKU!$A$6:$A$95,A31,ROBA_U_DOLASKU!$H$6:$H$95,2) -> 0 | M31: =SUMIFS(ROBA_U_DOLASKU!$B$6:$B$95,ROBA_U_DOLASKU!$A$6:$A$95,A31,ROBA_U_DOLASKU!$H$6:$H$95,2) -> 0 | N31: =SUMIFS(ROBA_U_DOLASKU!$C$6:$C$95,ROBA_U_DOLASKU!$A$6:$A$95,A31,ROBA_U_DOLASKU!$H$6:$H$95,3) -> 0 | O31: =SUMIFS(ROBA_U_DOLASKU!$B$6:$B$95,ROBA_U_DOLASKU!$A$6:$A$95,A31,ROBA_U_DOLASKU!$H$6:$H$95,3) -> 0 | P31: =IF(H31<=0,999,IF(O31>0,ROUND((F31-H31*N31+K31+M31+O31)/H31,1),IF(M31>0,ROUND((F31-H31*L31+K31+M31)/H31,1),IF(K31>0,ROUND((F31-H31*J31+K31)/H31,1),I31)))) -> 1.9 | Q31: =IF(H31<=0,"Nema prodaje",IF(AND(K31=0,M31=0,O31=0),IF(I31<POSTAVKE!$B$6,"Naruči odmah","Sve u redu"),IF(F31-H31*J31<0,"Rupa za ~"&TEXT(I31,"0.0")&" mj.",IF(AND(M31>0,F31-H31*L31+K31<0),"Rupa nakon 1. dolaska",IF(AND(O31>0,F31-H31*N31+K31+M31<0),"Rupa nakon 2. dolaska",IF(P31<POSTAVKE!$B$6,"Količina nije dovoljna",IF(I31>=POSTAVKE!$B$6,"Sve u redu","Stiže na vrijeme"))))))) -> Naruči odmah | S31: =IFERROR(INDEX(PODACI_PRODAJA!B:B,MATCH($A31,PODACI_PRODAJA!$A:$A,0)),0) -> 125 | T31: =IFERROR(INDEX(PODACI_PRODAJA!C:C,MATCH($A31,PODACI_PRODAJA!$A:$A,0)),0) -> 102 | U31: =IFERROR(INDEX(PODACI_PRODAJA!D:D,MATCH($A31,PODACI_PRODAJA!$A:$A,0)),0) -> 129 | V31: =IFERROR(INDEX(PODACI_PRODAJA!E:E,MATCH($A31,PODACI_PRODAJA!$A:$A,0)),0) -> 124 | W31: =IFERROR(INDEX(PODACI_PRODAJA!F:F,MATCH($A31,PODACI_PRODAJA!$A:$A,0)),0) -> 96 | X31: =IFERROR(INDEX(PODACI_PRODAJA!G:G,MATCH($A31,PODACI_PRODAJA!$A:$A,0)),0) -> 154 | Y31: =IFERROR(INDEX(PODACI_PRODAJA!H:H,MATCH($A31,PODACI_PRODAJA!$A:$A,0)),0) -> 157 | Z31: =IFERROR(INDEX(PODACI_PRODAJA!I:I,MATCH($A31,PODACI_PRODAJA!$A:$A,0)),0) -> 121 | AA31: =IFERROR(INDEX(PODACI_PRODAJA!J:J,MATCH($A31,PODACI_PRODAJA!$A:$A,0)),0) -> 36 | AB31: =IFERROR(INDEX(PODACI_PRODAJA!K:K,MATCH($A31,PODACI_PRODAJA!$A:$A,0)),0) -> 0 | AC31: =IFERROR(INDEX(PODACI_PRODAJA!L:L,MATCH($A31,PODACI_PRODAJA!$A:$A,0)),0) -> 0 | AD31: =IFERROR(INDEX(PODACI_PRODAJA!M:M,MATCH($A31,PODACI_PRODAJA!$A:$A,0)),0) -> 0
A32: =PODACI_ZALIHE!A29 -> 043780 | B32: =PODACI_ZALIHE!B29 -> INTENSO BLACK MIJEŠALICA ZA UMIVAONIK | C32: =PODACI_ZALIHE!C29 -> 5150 | D32: =PODACI_ZALIHE!D29 -> ZHEJIANG VOLONG SANITARY WARES CO.,LTD. | E32: =IF(PODACI_ZALIHE!E29="","",PODACI_ZALIHE!E29) -> 236 | F32: =PODACI_ZALIHE!F29 -> 236 | G32: =IF(E32="","",E32-F32) -> 0 | H32: =PODACI_PRODAJA!N20 -> 34.13 | I32: =IF(H32<=0,999,ROUND(F32/H32,1)) -> 6.9 | J32: =SUMIFS(ROBA_U_DOLASKU!$C$6:$C$95,ROBA_U_DOLASKU!$A$6:$A$95,A32,ROBA_U_DOLASKU!$H$6:$H$95,1) -> 0 | K32: =SUMIFS(ROBA_U_DOLASKU!$B$6:$B$95,ROBA_U_DOLASKU!$A$6:$A$95,A32,ROBA_U_DOLASKU!$H$6:$H$95,1) -> 0 | L32: =SUMIFS(ROBA_U_DOLASKU!$C$6:$C$95,ROBA_U_DOLASKU!$A$6:$A$95,A32,ROBA_U_DOLASKU!$H$6:$H$95,2) -> 0 | M32: =SUMIFS(ROBA_U_DOLASKU!$B$6:$B$95,ROBA_U_DOLASKU!$A$6:$A$95,A32,ROBA_U_DOLASKU!$H$6:$H$95,2) -> 0 | N32: =SUMIFS(ROBA_U_DOLASKU!$C$6:$C$95,ROBA_U_DOLASKU!$A$6:$A$95,A32,ROBA_U_DOLASKU!$H$6:$H$95,3) -> 0 | O32: =SUMIFS(ROBA_U_DOLASKU!$B$6:$B$95,ROBA_U_DOLASKU!$A$6:$A$95,A32,ROBA_U_DOLASKU!$H$6:$H$95,3) -> 0 | P32: =IF(H32<=0,999,IF(O32>0,ROUND((F32-H32*N32+K32+M32+O32)/H32,1),IF(M32>0,ROUND((F32-H32*L32+K32+M32)/H32,1),IF(K32>0,ROUND((F32-H32*J32+K32)/H32,1),I32)))) -> 6.9 | Q32: =IF(H32<=0,"Nema prodaje",IF(AND(K32=0,M32=0,O32=0),IF(I32<POSTAVKE!$B$6,"Naruči odmah","Sve u redu"),IF(F32-H32*J32<0,"Rupa za ~"&TEXT(I32,"0.0")&" mj.",IF(AND(M32>0,F32-H32*L32+K32<0),"Rupa nakon 1. dolaska",IF(AND(O32>0,F32-H32*N32+K32+M32<0),"Rupa nakon 2. dolaska",IF(P32<POSTAVKE!$B$6,"Količina nije dovoljna",IF(I32>=POSTAVKE!$B$6,"Sve u redu","Stiže na vrijeme"))))))) -> Sve u redu | S32: =IFERROR(INDEX(PODACI_PRODAJA!B:B,MATCH($A32,PODACI_PRODAJA!$A:$A,0)),0) -> 43 | T32: =IFERROR(INDEX(PODACI_PRODAJA!C:C,MATCH($A32,PODACI_PRODAJA!$A:$A,0)),0) -> 23 | U32: =IFERROR(INDEX(PODACI_PRODAJA!D:D,MATCH($A32,PODACI_PRODAJA!$A:$A,0)),0) -> 33 | V32: =IFERROR(INDEX(PODACI_PRODAJA!E:E,MATCH($A32,PODACI_PRODAJA!$A:$A,0)),0) -> 34 | W32: =IFERROR(INDEX(PODACI_PRODAJA!F:F,MATCH($A32,PODACI_PRODAJA!$A:$A,0)),0) -> 39 | X32: =IFERROR(INDEX(PODACI_PRODAJA!G:G,MATCH($A32,PODACI_PRODAJA!$A:$A,0)),0) -> 22 | Y32: =IFERROR(INDEX(PODACI_PRODAJA!H:H,MATCH($A32,PODACI_PRODAJA!$A:$A,0)),0) -> 0 | Z32: =IFERROR(INDEX(PODACI_PRODAJA!I:I,MATCH($A32,PODACI_PRODAJA!$A:$A,0)),0) -> 79 | AA32: =IFERROR(INDEX(PODACI_PRODAJA!J:J,MATCH($A32,PODACI_PRODAJA!$A:$A,0)),0) -> 0 | AB32: =IFERROR(INDEX(PODACI_PRODAJA!K:K,MATCH($A32,PODACI_PRODAJA!$A:$A,0)),0) -> 0 | AC32: =IFERROR(INDEX(PODACI_PRODAJA!L:L,MATCH($A32,PODACI_PRODAJA!$A:$A,0)),0) -> 0 | AD32: =IFERROR(INDEX(PODACI_PRODAJA!M:M,MATCH($A32,PODACI_PRODAJA!$A:$A,0)),0) -> 0
A33: =PODACI_ZALIHE!A30 -> 002336 | B33: =PODACI_ZALIHE!B30 -> ESSEN MIJEŠALICA ZA UMIVAONIK | C33: =PODACI_ZALIHE!C30 -> 6022 | D33: =PODACI_ZALIHE!D30 -> RUIAN HAIBA SANITARY CO.,LTD | E33: =IF(PODACI_ZALIHE!E30="","",PODACI_ZALIHE!E30) -> 230 | F33: =PODACI_ZALIHE!F30 -> 230 | G33: =IF(E33="","",E33-F33) -> 0 | H33: =PODACI_PRODAJA!N8 -> 86.25 | I33: =IF(H33<=0,999,ROUND(F33/H33,1)) -> 2.7 | J33: =SUMIFS(ROBA_U_DOLASKU!$C$6:$C$95,ROBA_U_DOLASKU!$A$6:$A$95,A33,ROBA_U_DOLASKU!$H$6:$H$95,1) -> 2.2 | K33: =SUMIFS(ROBA_U_DOLASKU!$B$6:$B$95,ROBA_U_DOLASKU!$A$6:$A$95,A33,ROBA_U_DOLASKU!$H$6:$H$95,1) -> 300 | L33: =SUMIFS(ROBA_U_DOLASKU!$C$6:$C$95,ROBA_U_DOLASKU!$A$6:$A$95,A33,ROBA_U_DOLASKU!$H$6:$H$95,2) -> 0 | M33: =SUMIFS(ROBA_U_DOLASKU!$B$6:$B$95,ROBA_U_DOLASKU!$A$6:$A$95,A33,ROBA_U_DOLASKU!$H$6:$H$95,2) -> 0 | N33: =SUMIFS(ROBA_U_DOLASKU!$C$6:$C$95,ROBA_U_DOLASKU!$A$6:$A$95,A33,ROBA_U_DOLASKU!$H$6:$H$95,3) -> 0 | O33: =SUMIFS(ROBA_U_DOLASKU!$B$6:$B$95,ROBA_U_DOLASKU!$A$6:$A$95,A33,ROBA_U_DOLASKU!$H$6:$H$95,3) -> 0 | P33: =IF(H33<=0,999,IF(O33>0,ROUND((F33-H33*N33+K33+M33+O33)/H33,1),IF(M33>0,ROUND((F33-H33*L33+K33+M33)/H33,1),IF(K33>0,ROUND((F33-H33*J33+K33)/H33,1),I33)))) -> 3.9 | Q33: =IF(H33<=0,"Nema prodaje",IF(AND(K33=0,M33=0,O33=0),IF(I33<POSTAVKE!$B$6,"Naruči odmah","Sve u redu"),IF(F33-H33*J33<0,"Rupa za ~"&TEXT(I33,"0.0")&" mj.",IF(AND(M33>0,F33-H33*L33+K33<0),"Rupa nakon 1. dolaska",IF(AND(O33>0,F33-H33*N33+K33+M33<0),"Rupa nakon 2. dolaska",IF(P33<POSTAVKE!$B$6,"Količina nije dovoljna",IF(I33>=POSTAVKE!$B$6,"Sve u redu","Stiže na vrijeme"))))))) -> Količina nije dovoljna | S33: =IFERROR(INDEX(PODACI_PRODAJA!B:B,MATCH($A33,PODACI_PRODAJA!$A:$A,0)),0) -> 80 | T33: =IFERROR(INDEX(PODACI_PRODAJA!C:C,MATCH($A33,PODACI_PRODAJA!$A:$A,0)),0) -> 91 | U33: =IFERROR(INDEX(PODACI_PRODAJA!D:D,MATCH($A33,PODACI_PRODAJA!$A:$A,0)),0) -> 83 | V33: =IFERROR(INDEX(PODACI_PRODAJA!E:E,MATCH($A33,PODACI_PRODAJA!$A:$A,0)),0) -> 131 | W33: =IFERROR(INDEX(PODACI_PRODAJA!F:F,MATCH($A33,PODACI_PRODAJA!$A:$A,0)),0) -> 79 | X33: =IFERROR(INDEX(PODACI_PRODAJA!G:G,MATCH($A33,PODACI_PRODAJA!$A:$A,0)),0) -> 76 | Y33: =IFERROR(INDEX(PODACI_PRODAJA!H:H,MATCH($A33,PODACI_PRODAJA!$A:$A,0)),0) -> 79 | Z33: =IFERROR(INDEX(PODACI_PRODAJA!I:I,MATCH($A33,PODACI_PRODAJA!$A:$A,0)),0) -> 71 | AA33: =IFERROR(INDEX(PODACI_PRODAJA!J:J,MATCH($A33,PODACI_PRODAJA!$A:$A,0)),0) -> 0 | AB33: =IFERROR(INDEX(PODACI_PRODAJA!K:K,MATCH($A33,PODACI_PRODAJA!$A:$A,0)),0) -> 0 | AC33: =IFERROR(INDEX(PODACI_PRODAJA!L:L,MATCH($A33,PODACI_PRODAJA!$A:$A,0)),0) -> 0 | AD33: =IFERROR(INDEX(PODACI_PRODAJA!M:M,MATCH($A33,PODACI_PRODAJA!$A:$A,0)),0) -> 0
A34: =PODACI_ZALIHE!A31 -> 00847 | B34: =PODACI_ZALIHE!B31 -> GL00015 FLEXIBILNI WC NASTAVAK 1 m | C34: =PODACI_ZALIHE!C31 -> 3291 | D34: =PODACI_ZALIHE!D31 -> TEHNOEXPORT D.O.O. | E34: =IF(PODACI_ZALIHE!E31="","",PODACI_ZALIHE!E31) -> 229 | F34: =PODACI_ZALIHE!F31 -> 229 | G34: =IF(E34="","",E34-F34) -> 0 | H34: =PODACI_PRODAJA!N22 -> 67.75 | I34: =IF(H34<=0,999,ROUND(F34/H34,1)) -> 3.4 | J34: =SUMIFS(ROBA_U_DOLASKU!$C$6:$C$95,ROBA_U_DOLASKU!$A$6:$A$95,A34,ROBA_U_DOLASKU!$H$6:$H$95,1) -> 0 | K34: =SUMIFS(ROBA_U_DOLASKU!$B$6:$B$95,ROBA_U_DOLASKU!$A$6:$A$95,A34,ROBA_U_DOLASKU!$H$6:$H$95,1) -> 0 | L34: =SUMIFS(ROBA_U_DOLASKU!$C$6:$C$95,ROBA_U_DOLASKU!$A$6:$A$95,A34,ROBA_U_DOLASKU!$H$6:$H$95,2) -> 0 | M34: =SUMIFS(ROBA_U_DOLASKU!$B$6:$B$95,ROBA_U_DOLASKU!$A$6:$A$95,A34,ROBA_U_DOLASKU!$H$6:$H$95,2) -> 0 | N34: =SUMIFS(ROBA_U_DOLASKU!$C$6:$C$95,ROBA_U_DOLASKU!$A$6:$A$95,A34,ROBA_U_DOLASKU!$H$6:$H$95,3) -> 0 | O34: =SUMIFS(ROBA_U_DOLASKU!$B$6:$B$95,ROBA_U_DOLASKU!$A$6:$A$95,A34,ROBA_U_DOLASKU!$H$6:$H$95,3) -> 0 | P34: =IF(H34<=0,999,IF(O34>0,ROUND((F34-H34*N34+K34+M34+O34)/H34,1),IF(M34>0,ROUND((F34-H34*L34+K34+M34)/H34,1),IF(K34>0,ROUND((F34-H34*J34+K34)/H34,1),I34)))) -> 3.4 | Q34: =IF(H34<=0,"Nema prodaje",IF(AND(K34=0,M34=0,O34=0),IF(I34<POSTAVKE!$B$6,"Naruči odmah","Sve u redu"),IF(F34-H34*J34<0,"Rupa za ~"&TEXT(I34,"0.0")&" mj.",IF(AND(M34>0,F34-H34*L34+K34<0),"Rupa nakon 1. dolaska",IF(AND(O34>0,F34-H34*N34+K34+M34<0),"Rupa nakon 2. dolaska",IF(P34<POSTAVKE!$B$6,"Količina nije dovoljna",IF(I34>=POSTAVKE!$B$6,"Sve u redu","Stiže na vrijeme"))))))) -> Naruči odmah | S34: =IFERROR(INDEX(PODACI_PRODAJA!B:B,MATCH($A34,PODACI_PRODAJA!$A:$A,0)),0) -> 38 | T34: =IFERROR(INDEX(PODACI_PRODAJA!C:C,MATCH($A34,PODACI_PRODAJA!$A:$A,0)),0) -> 42 | U34: =IFERROR(INDEX(PODACI_PRODAJA!D:D,MATCH($A34,PODACI_PRODAJA!$A:$A,0)),0) -> 91 | V34: =IFERROR(INDEX(PODACI_PRODAJA!E:E,MATCH($A34,PODACI_PRODAJA!$A:$A,0)),0) -> 162 | W34: =IFERROR(INDEX(PODACI_PRODAJA!F:F,MATCH($A34,PODACI_PRODAJA!$A:$A,0)),0) -> 74 | X34: =IFERROR(INDEX(PODACI_PRODAJA!G:G,MATCH($A34,PODACI_PRODAJA!$A:$A,0)),0) -> 31 | Y34: =IFERROR(INDEX(PODACI_PRODAJA!H:H,MATCH($A34,PODACI_PRODAJA!$A:$A,0)),0) -> 75 | Z34: =IFERROR(INDEX(PODACI_PRODAJA!I:I,MATCH($A34,PODACI_PRODAJA!$A:$A,0)),0) -> 29 | AA34: =IFERROR(INDEX(PODACI_PRODAJA!J:J,MATCH($A34,PODACI_PRODAJA!$A:$A,0)),0) -> 0 | AB34: =IFERROR(INDEX(PODACI_PRODAJA!K:K,MATCH($A34,PODACI_PRODAJA!$A:$A,0)),0) -> 0 | AC34: =IFERROR(INDEX(PODACI_PRODAJA!L:L,MATCH($A34,PODACI_PRODAJA!$A:$A,0)),0) -> 0 | AD34: =IFERROR(INDEX(PODACI_PRODAJA!M:M,MATCH($A34,PODACI_PRODAJA!$A:$A,0)),0) -> 0
A35: =PODACI_ZALIHE!A32 -> 043810 | B35: =PODACI_ZALIHE!B32 -> INTENSO BLACK VISOKA MIJEŠALICA ZA UMIVAONIK H 19 cm | C35: =PODACI_ZALIHE!C32 -> 5150 | D35: =PODACI_ZALIHE!D32 -> ZHEJIANG VOLONG SANITARY WARES CO.,LTD. | E35: =IF(PODACI_ZALIHE!E32="","",PODACI_ZALIHE!E32) -> 220 | F35: =PODACI_ZALIHE!F32 -> 219 | G35: =IF(E35="","",E35-F35) -> 1 | H35: =PODACI_PRODAJA!N98 -> 12.5 | I35: =IF(H35<=0,999,ROUND(F35/H35,1)) -> 17.5 | J35: =SUMIFS(ROBA_U_DOLASKU!$C$6:$C$95,ROBA_U_DOLASKU!$A$6:$A$95,A35,ROBA_U_DOLASKU!$H$6:$H$95,1) -> 0 | K35: =SUMIFS(ROBA_U_DOLASKU!$B$6:$B$95,ROBA_U_DOLASKU!$A$6:$A$95,A35,ROBA_U_DOLASKU!$H$6:$H$95,1) -> 0 | L35: =SUMIFS(ROBA_U_DOLASKU!$C$6:$C$95,ROBA_U_DOLASKU!$A$6:$A$95,A35,ROBA_U_DOLASKU!$H$6:$H$95,2) -> 0 | M35: =SUMIFS(ROBA_U_DOLASKU!$B$6:$B$95,ROBA_U_DOLASKU!$A$6:$A$95,A35,ROBA_U_DOLASKU!$H$6:$H$95,2) -> 0 | N35: =SUMIFS(ROBA_U_DOLASKU!$C$6:$C$95,ROBA_U_DOLASKU!$A$6:$A$95,A35,ROBA_U_DOLASKU!$H$6:$H$95,3) -> 0 | O35: =SUMIFS(ROBA_U_DOLASKU!$B$6:$B$95,ROBA_U_DOLASKU!$A$6:$A$95,A35,ROBA_U_DOLASKU!$H$6:$H$95,3) -> 0 | P35: =IF(H35<=0,999,IF(O35>0,ROUND((F35-H35*N35+K35+M35+O35)/H35,1),IF(M35>0,ROUND((F35-H35*L35+K35+M35)/H35,1),IF(K35>0,ROUND((F35-H35*J35+K35)/H35,1),I35)))) -> 17.5 | Q35: =IF(H35<=0,"Nema prodaje",IF(AND(K35=0,M35=0,O35=0),IF(I35<POSTAVKE!$B$6,"Naruči odmah","Sve u redu"),IF(F35-H35*J35<0,"Rupa za ~"&TEXT(I35,"0.0")&" mj.",IF(AND(M35>0,F35-H35*L35+K35<0),"Rupa nakon 1. dolaska",IF(AND(O35>0,F35-H35*N35+K35+M35<0),"Rupa nakon 2. dolaska",IF(P35<POSTAVKE!$B$6,"Količina nije dovoljna",IF(I35>=POSTAVKE!$B$6,"Sve u redu","Stiže na vrijeme"))))))) -> Sve u redu | S35: =IFERROR(INDEX(PODACI_PRODAJA!B:B,MATCH($A35,PODACI_PRODAJA!$A:$A,0)),0) -> 6 | T35: =IFERROR(INDEX(PODACI_PRODAJA!C:C,MATCH($A35,PODACI_PRODAJA!$A:$A,0)),0) -> 10 | U35: =IFERROR(INDEX(PODACI_PRODAJA!D:D,MATCH($A35,PODACI_PRODAJA!$A:$A,0)),0) -> 18 | V35: =IFERROR(INDEX(PODACI_PRODAJA!E:E,MATCH($A35,PODACI_PRODAJA!$A:$A,0)),0) -> 8 | W35: =IFERROR(INDEX(PODACI_PRODAJA!F:F,MATCH($A35,PODACI_PRODAJA!$A:$A,0)),0) -> 16 | X35: =IFERROR(INDEX(PODACI_PRODAJA!G:G,MATCH($A35,PODACI_PRODAJA!$A:$A,0)),0) -> 14 | Y35: =IFERROR(INDEX(PODACI_PRODAJA!H:H,MATCH($A35,PODACI_PRODAJA!$A:$A,0)),0) -> 12 | Z35: =IFERROR(INDEX(PODACI_PRODAJA!I:I,MATCH($A35,PODACI_PRODAJA!$A:$A,0)),0) -> 16 | AA35: =IFERROR(INDEX(PODACI_PRODAJA!J:J,MATCH($A35,PODACI_PRODAJA!$A:$A,0)),0) -> 1 | AB35: =IFERROR(INDEX(PODACI_PRODAJA!K:K,MATCH($A35,PODACI_PRODAJA!$A:$A,0)),0) -> 0 | AC35: =IFERROR(INDEX(PODACI_PRODAJA!L:L,MATCH($A35,PODACI_PRODAJA!$A:$A,0)),0) -> 0 | AD35: =IFERROR(INDEX(PODACI_PRODAJA!M:M,MATCH($A35,PODACI_PRODAJA!$A:$A,0)),0) -> 0
A36: =PODACI_ZALIHE!A33 -> 00849 | B36: =PODACI_ZALIHE!B33 -> GL00097 FLEKSIBILNI SIFON ZA TUŠ KADU LUX 90 mm | C36: =PODACI_ZALIHE!C33 -> 3291 | D36: =PODACI_ZALIHE!D33 -> TEHNOEXPORT D.O.O. | E36: =IF(PODACI_ZALIHE!E33="","",PODACI_ZALIHE!E33) -> 224 | F36: =PODACI_ZALIHE!F33 -> 213 | G36: =IF(E36="","",E36-F36) -> 11 | H36: =PODACI_PRODAJA!N11 -> 49 | I36: =IF(H36<=0,999,ROUND(F36/H36,1)) -> 4.3 | J36: =SUMIFS(ROBA_U_DOLASKU!$C$6:$C$95,ROBA_U_DOLASKU!$A$6:$A$95,A36,ROBA_U_DOLASKU!$H$6:$H$95,1) -> 0 | K36: =SUMIFS(ROBA_U_DOLASKU!$B$6:$B$95,ROBA_U_DOLASKU!$A$6:$A$95,A36,ROBA_U_DOLASKU!$H$6:$H$95,1) -> 0 | L36: =SUMIFS(ROBA_U_DOLASKU!$C$6:$C$95,ROBA_U_DOLASKU!$A$6:$A$95,A36,ROBA_U_DOLASKU!$H$6:$H$95,2) -> 0 | M36: =SUMIFS(ROBA_U_DOLASKU!$B$6:$B$95,ROBA_U_DOLASKU!$A$6:$A$95,A36,ROBA_U_DOLASKU!$H$6:$H$95,2) -> 0 | N36: =SUMIFS(ROBA_U_DOLASKU!$C$6:$C$95,ROBA_U_DOLASKU!$A$6:$A$95,A36,ROBA_U_DOLASKU!$H$6:$H$95,3) -> 0 | O36: =SUMIFS(ROBA_U_DOLASKU!$B$6:$B$95,ROBA_U_DOLASKU!$A$6:$A$95,A36,ROBA_U_DOLASKU!$H$6:$H$95,3) -> 0 | P36: =IF(H36<=0,999,IF(O36>0,ROUND((F36-H36*N36+K36+M36+O36)/H36,1),IF(M36>0,ROUND((F36-H36*L36+K36+M36)/H36,1),IF(K36>0,ROUND((F36-H36*J36+K36)/H36,1),I36)))) -> 4.3 | Q36: =IF(H36<=0,"Nema prodaje",IF(AND(K36=0,M36=0,O36=0),IF(I36<POSTAVKE!$B$6,"Naruči odmah","Sve u redu"),IF(F36-H36*J36<0,"Rupa za ~"&TEXT(I36,"0.0")&" mj.",IF(AND(M36>0,F36-H36*L36+K36<0),"Rupa nakon 1. dolaska",IF(AND(O36>0,F36-H36*N36+K36+M36<0),"Rupa nakon 2. dolaska",IF(P36<POSTAVKE!$B$6,"Količina nije dovoljna",IF(I36>=POSTAVKE!$B$6,"Sve u redu","Stiže na vrijeme"))))))) -> Naruči odmah | S36: =IFERROR(INDEX(PODACI_PRODAJA!B:B,MATCH($A36,PODACI_PRODAJA!$A:$A,0)),0) -> 70 | T36: =IFERROR(INDEX(PODACI_PRODAJA!C:C,MATCH($A36,PODACI_PRODAJA!$A:$A,0)),0) -> 44 | U36: =IFERROR(INDEX(PODACI_PRODAJA!D:D,MATCH($A36,PODACI_PRODAJA!$A:$A,0)),0) -> 61 | V36: =IFERROR(INDEX(PODACI_PRODAJA!E:E,MATCH($A36,PODACI_PRODAJA!$A:$A,0)),0) -> 54 | W36: =IFERROR(INDEX(PODACI_PRODAJA!F:F,MATCH($A36,PODACI_PRODAJA!$A:$A,0)),0) -> 33 | X36: =IFERROR(INDEX(PODACI_PRODAJA!G:G,MATCH($A36,PODACI_PRODAJA!$A:$A,0)),0) -> 35 | Y36: =IFERROR(INDEX(PODACI_PRODAJA!H:H,MATCH($A36,PODACI_PRODAJA!$A:$A,0)),0) -> 45 | Z36: =IFERROR(INDEX(PODACI_PRODAJA!I:I,MATCH($A36,PODACI_PRODAJA!$A:$A,0)),0) -> 50 | AA36: =IFERROR(INDEX(PODACI_PRODAJA!J:J,MATCH($A36,PODACI_PRODAJA!$A:$A,0)),0) -> 11 | AB36: =IFERROR(INDEX(PODACI_PRODAJA!K:K,MATCH($A36,PODACI_PRODAJA!$A:$A,0)),0) -> 0 | AC36: =IFERROR(INDEX(PODACI_PRODAJA!L:L,MATCH($A36,PODACI_PRODAJA!$A:$A,0)),0) -> 0 | AD36: =IFERROR(INDEX(PODACI_PRODAJA!M:M,MATCH($A36,PODACI_PRODAJA!$A:$A,0)),0) -> 0
A37: =PODACI_ZALIHE!A34 -> 17178 | B37: =PODACI_ZALIHE!B34 -> REFLECT KUPAONSKA KUKICA ZA RUČNIK - KROM | C37: =PODACI_ZALIHE!C34 -> 6458 | D37: =PODACI_ZALIHE!D34 -> BOJIA TRADING LIMITED | E37: =IF(PODACI_ZALIHE!E34="","",PODACI_ZALIHE!E34) -> 212 | F37: =PODACI_ZALIHE!F34 -> 212 | G37: =IF(E37="","",E37-F37) -> 0 | H37: =PODACI_PRODAJA!N595 -> 2.13 | I37: =IF(H37<=0,999,ROUND(F37/H37,1)) -> 99.5 | J37: =SUMIFS(ROBA_U_DOLASKU!$C$6:$C$95,ROBA_U_DOLASKU!$A$6:$A$95,A37,ROBA_U_DOLASKU!$H$6:$H$95,1) -> 0 | K37: =SUMIFS(ROBA_U_DOLASKU!$B$6:$B$95,ROBA_U_DOLASKU!$A$6:$A$95,A37,ROBA_U_DOLASKU!$H$6:$H$95,1) -> 0 | L37: =SUMIFS(ROBA_U_DOLASKU!$C$6:$C$95,ROBA_U_DOLASKU!$A$6:$A$95,A37,ROBA_U_DOLASKU!$H$6:$H$95,2) -> 0 | M37: =SUMIFS(ROBA_U_DOLASKU!$B$6:$B$95,ROBA_U_DOLASKU!$A$6:$A$95,A37,ROBA_U_DOLASKU!$H$6:$H$95,2) -> 0 | N37: =SUMIFS(ROBA_U_DOLASKU!$C$6:$C$95,ROBA_U_DOLASKU!$A$6:$A$95,A37,ROBA_U_DOLASKU!$H$6:$H$95,3) -> 0 | O37: =SUMIFS(ROBA_U_DOLASKU!$B$6:$B$95,ROBA_U_DOLASKU!$A$6:$A$95,A37,ROBA_U_DOLASKU!$H$6:$H$95,3) -> 0 | P37: =IF(H37<=0,999,IF(O37>0,ROUND((F37-H37*N37+K37+M37+O37)/H37,1),IF(M37>0,ROUND((F37-H37*L37+K37+M37)/H37,1),IF(K37>0,ROUND((F37-H37*J37+K37)/H37,1),I37)))) -> 99.5 | Q37: =IF(H37<=0,"Nema prodaje",IF(AND(K37=0,M37=0,O37=0),IF(I37<POSTAVKE!$B$6,"Naruči odmah","Sve u redu"),IF(F37-H37*J37<0,"Rupa za ~"&TEXT(I37,"0.0")&" mj.",IF(AND(M37>0,F37-H37*L37+K37<0),"Rupa nakon 1. dolaska",IF(AND(O37>0,F37-H37*N37+K37+M37<0),"Rupa nakon 2. dolaska",IF(P37<POSTAVKE!$B$6,"Količina nije dovoljna",IF(I37>=POSTAVKE!$B$6,"Sve u redu","Stiže na vrijeme"))))))) -> Sve u redu | S37: =IFERROR(INDEX(PODACI_PRODAJA!B:B,MATCH($A37,PODACI_PRODAJA!$A:$A,0)),0) -> 0 | T37: =IFERROR(INDEX(PODACI_PRODAJA!C:C,MATCH($A37,PODACI_PRODAJA!$A:$A,0)),0) -> 0 | U37: =IFERROR(INDEX(PODACI_PRODAJA!D:D,MATCH($A37,PODACI_PRODAJA!$A:$A,0)),0) -> 8 | V37: =IFERROR(INDEX(PODACI_PRODAJA!E:E,MATCH($A37,PODACI_PRODAJA!$A:$A,0)),0) -> 1 | W37: =IFERROR(INDEX(PODACI_PRODAJA!F:F,MATCH($A37,PODACI_PRODAJA!$A:$A,0)),0) -> 1 | X37: =IFERROR(INDEX(PODACI_PRODAJA!G:G,MATCH($A37,PODACI_PRODAJA!$A:$A,0)),0) -> 5 | Y37: =IFERROR(INDEX(PODACI_PRODAJA!H:H,MATCH($A37,PODACI_PRODAJA!$A:$A,0)),0) -> 0 | Z37: =IFERROR(INDEX(PODACI_PRODAJA!I:I,MATCH($A37,PODACI_PRODAJA!$A:$A,0)),0) -> 2 | AA37: =IFERROR(INDEX(PODACI_PRODAJA!J:J,MATCH($A37,PODACI_PRODAJA!$A:$A,0)),0) -> 0 | AB37: =IFERROR(INDEX(PODACI_PRODAJA!K:K,MATCH($A37,PODACI_PRODAJA!$A:$A,0)),0) -> 0 | AC37: =IFERROR(INDEX(PODACI_PRODAJA!L:L,MATCH($A37,PODACI_PRODAJA!$A:$A,0)),0) -> 0 | AD37: =IFERROR(INDEX(PODACI_PRODAJA!M:M,MATCH($A37,PODACI_PRODAJA!$A:$A,0)),0) -> 0
A38: =PODACI_ZALIHE!A35 -> 17175 | B38: =PODACI_ZALIHE!B35 -> NERO DRŽAČ ZA RUČNIK 61 cm - CRNA | C38: =PODACI_ZALIHE!C35 -> 6458 | D38: =PODACI_ZALIHE!D35 -> BOJIA TRADING LIMITED | E38: =IF(PODACI_ZALIHE!E35="","",PODACI_ZALIHE!E35) -> 211 | F38: =PODACI_ZALIHE!F35 -> 211 | G38: =IF(E38="","",E38-F38) -> 0 | H38: =PODACI_PRODAJA!N593 -> 1.13 | I38: =IF(H38<=0,999,ROUND(F38/H38,1)) -> 186.7 | J38: =SUMIFS(ROBA_U_DOLASKU!$C$6:$C$95,ROBA_U_DOLASKU!$A$6:$A$95,A38,ROBA_U_DOLASKU!$H$6:$H$95,1) -> 0 | K38: =SUMIFS(ROBA_U_DOLASKU!$B$6:$B$95,ROBA_U_DOLASKU!$A$6:$A$95,A38,ROBA_U_DOLASKU!$H$6:$H$95,1) -> 0 | L38: =SUMIFS(ROBA_U_DOLASKU!$C$6:$C$95,ROBA_U_DOLASKU!$A$6:$A$95,A38,ROBA_U_DOLASKU!$H$6:$H$95,2) -> 0 | M38: =SUMIFS(ROBA_U_DOLASKU!$B$6:$B$95,ROBA_U_DOLASKU!$A$6:$A$95,A38,ROBA_U_DOLASKU!$H$6:$H$95,2) -> 0 | N38: =SUMIFS(ROBA_U_DOLASKU!$C$6:$C$95,ROBA_U_DOLASKU!$A$6:$A$95,A38,ROBA_U_DOLASKU!$H$6:$H$95,3) -> 0 | O38: =SUMIFS(ROBA_U_DOLASKU!$B$6:$B$95,ROBA_U_DOLASKU!$A$6:$A$95,A38,ROBA_U_DOLASKU!$H$6:$H$95,3) -> 0 | P38: =IF(H38<=0,999,IF(O38>0,ROUND((F38-H38*N38+K38+M38+O38)/H38,1),IF(M38>0,ROUND((F38-H38*L38+K38+M38)/H38,1),IF(K38>0,ROUND((F38-H38*J38+K38)/H38,1),I38)))) -> 186.7 | Q38: =IF(H38<=0,"Nema prodaje",IF(AND(K38=0,M38=0,O38=0),IF(I38<POSTAVKE!$B$6,"Naruči odmah","Sve u redu"),IF(F38-H38*J38<0,"Rupa za ~"&TEXT(I38,"0.0")&" mj.",IF(AND(M38>0,F38-H38*L38+K38<0),"Rupa nakon 1. dolaska",IF(AND(O38>0,F38-H38*N38+K38+M38<0),"Rupa nakon 2. dolaska",IF(P38<POSTAVKE!$B$6,"Količina nije dovoljna",IF(I38>=POSTAVKE!$B$6,"Sve u redu","Stiže na vrijeme"))))))) -> Sve u redu | S38: =IFERROR(INDEX(PODACI_PRODAJA!B:B,MATCH($A38,PODACI_PRODAJA!$A:$A,0)),0) -> 0 | T38: =IFERROR(INDEX(PODACI_PRODAJA!C:C,MATCH($A38,PODACI_PRODAJA!$A:$A,0)),0) -> 3 | U38: =IFERROR(INDEX(PODACI_PRODAJA!D:D,MATCH($A38,PODACI_PRODAJA!$A:$A,0)),0) -> 0 | V38: =IFERROR(INDEX(PODACI_PRODAJA!E:E,MATCH($A38,PODACI_PRODAJA!$A:$A,0)),0) -> 1 | W38: =IFERROR(INDEX(PODACI_PRODAJA!F:F,MATCH($A38,PODACI_PRODAJA!$A:$A,0)),0) -> 0 | X38: =IFERROR(INDEX(PODACI_PRODAJA!G:G,MATCH($A38,PODACI_PRODAJA!$A:$A,0)),0) -> 0 | Y38: =IFERROR(INDEX(PODACI_PRODAJA!H:H,MATCH($A38,PODACI_PRODAJA!$A:$A,0)),0) -> 5 | Z38: =IFERROR(INDEX(PODACI_PRODAJA!I:I,MATCH($A38,PODACI_PRODAJA!$A:$A,0)),0) -> 0 | AA38: =IFERROR(INDEX(PODACI_PRODAJA!J:J,MATCH($A38,PODACI_PRODAJA!$A:$A,0)),0) -> 0 | AB38: =IFERROR(INDEX(PODACI_PRODAJA!K:K,MATCH($A38,PODACI_PRODAJA!$A:$A,0)),0) -> 0 | AC38: =IFERROR(INDEX(PODACI_PRODAJA!L:L,MATCH($A38,PODACI_PRODAJA!$A:$A,0)),0) -> 0 | AD38: =IFERROR(INDEX(PODACI_PRODAJA!M:M,MATCH($A38,PODACI_PRODAJA!$A:$A,0)),0) -> 0
A39: =PODACI_ZALIHE!A36 -> 003227 | B39: =PODACI_ZALIHE!B36 -> LENA MIJEŠALICA ZA UMIVAONIK | C39: =PODACI_ZALIHE!C36 -> 6022 | D39: =PODACI_ZALIHE!D36 -> RUIAN HAIBA SANITARY CO.,LTD | E39: =IF(PODACI_ZALIHE!E36="","",PODACI_ZALIHE!E36) -> 209 | F39: =PODACI_ZALIHE!F36 -> 209 | G39: =IF(E39="","",E39-F39) -> 0 | H39: =PODACI_PRODAJA!N13 -> 42.63 | I39: =IF(H39<=0,999,ROUND(F39/H39,1)) -> 4.9 | J39: =SUMIFS(ROBA_U_DOLASKU!$C$6:$C$95,ROBA_U_DOLASKU!$A$6:$A$95,A39,ROBA_U_DOLASKU!$H$6:$H$95,1) -> 2.2 | K39: =SUMIFS(ROBA_U_DOLASKU!$B$6:$B$95,ROBA_U_DOLASKU!$A$6:$A$95,A39,ROBA_U_DOLASKU!$H$6:$H$95,1) -> 100 | L39: =SUMIFS(ROBA_U_DOLASKU!$C$6:$C$95,ROBA_U_DOLASKU!$A$6:$A$95,A39,ROBA_U_DOLASKU!$H$6:$H$95,2) -> 0 | M39: =SUMIFS(ROBA_U_DOLASKU!$B$6:$B$95,ROBA_U_DOLASKU!$A$6:$A$95,A39,ROBA_U_DOLASKU!$H$6:$H$95,2) -> 0 | N39: =SUMIFS(ROBA_U_DOLASKU!$C$6:$C$95,ROBA_U_DOLASKU!$A$6:$A$95,A39,ROBA_U_DOLASKU!$H$6:$H$95,3) -> 0 | O39: =SUMIFS(ROBA_U_DOLASKU!$B$6:$B$95,ROBA_U_DOLASKU!$A$6:$A$95,A39,ROBA_U_DOLASKU!$H$6:$H$95,3) -> 0 | P39: =IF(H39<=0,999,IF(O39>0,ROUND((F39-H39*N39+K39+M39+O39)/H39,1),IF(M39>0,ROUND((F39-H39*L39+K39+M39)/H39,1),IF(K39>0,ROUND((F39-H39*J39+K39)/H39,1),I39)))) -> 5 | Q39: =IF(H39<=0,"Nema prodaje",IF(AND(K39=0,M39=0,O39=0),IF(I39<POSTAVKE!$B$6,"Naruči odmah","Sve u redu"),IF(F39-H39*J39<0,"Rupa za ~"&TEXT(I39,"0.0")&" mj.",IF(AND(M39>0,F39-H39*L39+K39<0),"Rupa nakon 1. dolaska",IF(AND(O39>0,F39-H39*N39+K39+M39<0),"Rupa nakon 2. dolaska",IF(P39<POSTAVKE!$B$6,"Količina nije dovoljna",IF(I39>=POSTAVKE!$B$6,"Sve u redu","Stiže na vrijeme"))))))) -> Stiže na vrijeme | S39: =IFERROR(INDEX(PODACI_PRODAJA!B:B,MATCH($A39,PODACI_PRODAJA!$A:$A,0)),0) -> 63 | T39: =IFERROR(INDEX(PODACI_PRODAJA!C:C,MATCH($A39,PODACI_PRODAJA!$A:$A,0)),0) -> 36 | U39: =IFERROR(INDEX(PODACI_PRODAJA!D:D,MATCH($A39,PODACI_PRODAJA!$A:$A,0)),0) -> 46 | V39: =IFERROR(INDEX(PODACI_PRODAJA!E:E,MATCH($A39,PODACI_PRODAJA!$A:$A,0)),0) -> 39 | W39: =IFERROR(INDEX(PODACI_PRODAJA!F:F,MATCH($A39,PODACI_PRODAJA!$A:$A,0)),0) -> 46 | X39: =IFERROR(INDEX(PODACI_PRODAJA!G:G,MATCH($A39,PODACI_PRODAJA!$A:$A,0)),0) -> 34 | Y39: =IFERROR(INDEX(PODACI_PRODAJA!H:H,MATCH($A39,PODACI_PRODAJA!$A:$A,0)),0) -> 37 | Z39: =IFERROR(INDEX(PODACI_PRODAJA!I:I,MATCH($A39,PODACI_PRODAJA!$A:$A,0)),0) -> 40 | AA39: =IFERROR(INDEX(PODACI_PRODAJA!J:J,MATCH($A39,PODACI_PRODAJA!$A:$A,0)),0) -> 0 | AB39: =IFERROR(INDEX(PODACI_PRODAJA!K:K,MATCH($A39,PODACI_PRODAJA!$A:$A,0)),0) -> 0 | AC39: =IFERROR(INDEX(PODACI_PRODAJA!L:L,MATCH($A39,PODACI_PRODAJA!$A:$A,0)),0) -> 0 | AD39: =IFERROR(INDEX(PODACI_PRODAJA!M:M,MATCH($A39,PODACI_PRODAJA!$A:$A,0)),0) -> 0
A40: =PODACI_ZALIHE!A37 -> 17183 | B40: =PODACI_ZALIHE!B37 -> NERO DRŽAČ TOALETNOG PAPIRA S POKLOPCEM - CRNI | C40: =PODACI_ZALIHE!C37 -> 6458 | D40: =PODACI_ZALIHE!D37 -> BOJIA TRADING LIMITED | E40: =IF(PODACI_ZALIHE!E37="","",PODACI_ZALIHE!E37) -> 205 | F40: =PODACI_ZALIHE!F37 -> 205 | G40: =IF(E40="","",E40-F40) -> 0 | H40: =PODACI_PRODAJA!N124 -> 1.75 | I40: =IF(H40<=0,999,ROUND(F40/H40,1)) -> 117.1 | J40: =SUMIFS(ROBA_U_DOLASKU!$C$6:$C$95,ROBA_U_DOLASKU!$A$6:$A$95,A40,ROBA_U_DOLASKU!$H$6:$H$95,1) -> 0 | K40: =SUMIFS(ROBA_U_DOLASKU!$B$6:$B$95,ROBA_U_DOLASKU!$A$6:$A$95,A40,ROBA_U_DOLASKU!$H$6:$H$95,1) -> 0 | L40: =SUMIFS(ROBA_U_DOLASKU!$C$6:$C$95,ROBA_U_DOLASKU!$A$6:$A$95,A40,ROBA_U_DOLASKU!$H$6:$H$95,2) -> 0 | M40: =SUMIFS(ROBA_U_DOLASKU!$B$6:$B$95,ROBA_U_DOLASKU!$A$6:$A$95,A40,ROBA_U_DOLASKU!$H$6:$H$95,2) -> 0 | N40: =SUMIFS(ROBA_U_DOLASKU!$C$6:$C$95,ROBA_U_DOLASKU!$A$6:$A$95,A40,ROBA_U_DOLASKU!$H$6:$H$95,3) -> 0 | O40: =SUMIFS(ROBA_U_DOLASKU!$B$6:$B$95,ROBA_U_DOLASKU!$A$6:$A$95,A40,ROBA_U_DOLASKU!$H$6:$H$95,3) -> 0 | P40: =IF(H40<=0,999,IF(O40>0,ROUND((F40-H40*N40+K40+M40+O40)/H40,1),IF(M40>0,ROUND((F40-H40*L40+K40+M40)/H40,1),IF(K40>0,ROUND((F40-H40*J40+K40)/H40,1),I40)))) -> 117.1 | Q40: =IF(H40<=0,"Nema prodaje",IF(AND(K40=0,M40=0,O40=0),IF(I40<POSTAVKE!$B$6,"Naruči odmah","Sve u redu"),IF(F40-H40*J40<0,"Rupa za ~"&TEXT(I40,"0.0")&" mj.",IF(AND(M40>0,F40-H40*L40+K40<0),"Rupa nakon 1. dolaska",IF(AND(O40>0,F40-H40*N40+K40+M40<0),"Rupa nakon 2. dolaska",IF(P40<POSTAVKE!$B$6,"Količina nije dovoljna",IF(I40>=POSTAVKE!$B$6,"Sve u redu","Stiže na vrijeme"))))))) -> Sve u redu | S40: =IFERROR(INDEX(PODACI_PRODAJA!B:B,MATCH($A40,PODACI_PRODAJA!$A:$A,0)),0) -> 5 | T40: =IFERROR(INDEX(PODACI_PRODAJA!C:C,MATCH($A40,PODACI_PRODAJA!$A:$A,0)),0) -> 3 | U40: =IFERROR(INDEX(PODACI_PRODAJA!D:D,MATCH($A40,PODACI_PRODAJA!$A:$A,0)),0) -> 0 | V40: =IFERROR(INDEX(PODACI_PRODAJA!E:E,MATCH($A40,PODACI_PRODAJA!$A:$A,0)),0) -> 0 | W40: =IFERROR(INDEX(PODACI_PRODAJA!F:F,MATCH($A40,PODACI_PRODAJA!$A:$A,0)),0) -> 4 | X40: =IFERROR(INDEX(PODACI_PRODAJA!G:G,MATCH($A40,PODACI_PRODAJA!$A:$A,0)),0) -> 0 | Y40: =IFERROR(INDEX(PODACI_PRODAJA!H:H,MATCH($A40,PODACI_PRODAJA!$A:$A,0)),0) -> 0 | Z40: =IFERROR(INDEX(PODACI_PRODAJA!I:I,MATCH($A40,PODACI_PRODAJA!$A:$A,0)),0) -> 2 | AA40: =IFERROR(INDEX(PODACI_PRODAJA!J:J,MATCH($A40,PODACI_PRODAJA!$A:$A,0)),0) -> 0 | AB40: =IFERROR(INDEX(PODACI_PRODAJA!K:K,MATCH($A40,PODACI_PRODAJA!$A:$A,0)),0) -> 0 | AC40: =IFERROR(INDEX(PODACI_PRODAJA!L:L,MATCH($A40,PODACI_PRODAJA!$A:$A,0)),0) -> 0 | AD40: =IFERROR(INDEX(PODACI_PRODAJA!M:M,MATCH($A40,PODACI_PRODAJA!$A:$A,0)),0) -> 0
A41: =PODACI_ZALIHE!A38 -> 17176 | B41: =PODACI_ZALIHE!B38 -> NERO DRŽAČ ZA DVA RUČNIKA 61 cm - CRNI | C41: =PODACI_ZALIHE!C38 -> 6458 | D41: =PODACI_ZALIHE!D38 -> BOJIA TRADING LIMITED | E41: =IF(PODACI_ZALIHE!E38="","",PODACI_ZALIHE!E38) -> 202 | F41: =PODACI_ZALIHE!F38 -> 202 | G41: =IF(E41="","",E41-F41) -> 0 | H41: =PODACI_PRODAJA!N263 -> 0.5 | I41: =IF(H41<=0,999,ROUND(F41/H41,1)) -> 404 | J41: =SUMIFS(ROBA_U_DOLASKU!$C$6:$C$95,ROBA_U_DOLASKU!$A$6:$A$95,A41,ROBA_U_DOLASKU!$H$6:$H$95,1) -> 0 | K41: =SUMIFS(ROBA_U_DOLASKU!$B$6:$B$95,ROBA_U_DOLASKU!$A$6:$A$95,A41,ROBA_U_DOLASKU!$H$6:$H$95,1) -> 0 | L41: =SUMIFS(ROBA_U_DOLASKU!$C$6:$C$95,ROBA_U_DOLASKU!$A$6:$A$95,A41,ROBA_U_DOLASKU!$H$6:$H$95,2) -> 0 | M41: =SUMIFS(ROBA_U_DOLASKU!$B$6:$B$95,ROBA_U_DOLASKU!$A$6:$A$95,A41,ROBA_U_DOLASKU!$H$6:$H$95,2) -> 0 | N41: =SUMIFS(ROBA_U_DOLASKU!$C$6:$C$95,ROBA_U_DOLASKU!$A$6:$A$95,A41,ROBA_U_DOLASKU!$H$6:$H$95,3) -> 0 | O41: =SUMIFS(ROBA_U_DOLASKU!$B$6:$B$95,ROBA_U_DOLASKU!$A$6:$A$95,A41,ROBA_U_DOLASKU!$H$6:$H$95,3) -> 0 | P41: =IF(H41<=0,999,IF(O41>0,ROUND((F41-H41*N41+K41+M41+O41)/H41,1),IF(M41>0,ROUND((F41-H41*L41+K41+M41)/H41,1),IF(K41>0,ROUND((F41-H41*J41+K41)/H41,1),I41)))) -> 404 | Q41: =IF(H41<=0,"Nema prodaje",IF(AND(K41=0,M41=0,O41=0),IF(I41<POSTAVKE!$B$6,"Naruči odmah","Sve u redu"),IF(F41-H41*J41<0,"Rupa za ~"&TEXT(I41,"0.0")&" mj.",IF(AND(M41>0,F41-H41*L41+K41<0),"Rupa nakon 1. dolaska",IF(AND(O41>0,F41-H41*N41+K41+M41<0),"Rupa nakon 2. dolaska",IF(P41<POSTAVKE!$B$6,"Količina nije dovoljna",IF(I41>=POSTAVKE!$B$6,"Sve u redu","Stiže na vrijeme"))))))) -> Sve u redu | S41: =IFERROR(INDEX(PODACI_PRODAJA!B:B,MATCH($A41,PODACI_PRODAJA!$A:$A,0)),0) -> 1 | T41: =IFERROR(INDEX(PODACI_PRODAJA!C:C,MATCH($A41,PODACI_PRODAJA!$A:$A,0)),0) -> 0 | U41: =IFERROR(INDEX(PODACI_PRODAJA!D:D,MATCH($A41,PODACI_PRODAJA!$A:$A,0)),0) -> 0 | V41: =IFERROR(INDEX(PODACI_PRODAJA!E:E,MATCH($A41,PODACI_PRODAJA!$A:$A,0)),0) -> 3 | W41: =IFERROR(INDEX(PODACI_PRODAJA!F:F,MATCH($A41,PODACI_PRODAJA!$A:$A,0)),0) -> 0 | X41: =IFERROR(INDEX(PODACI_PRODAJA!G:G,MATCH($A41,PODACI_PRODAJA!$A:$A,0)),0) -> 0 | Y41: =IFERROR(INDEX(PODACI_PRODAJA!H:H,MATCH($A41,PODACI_PRODAJA!$A:$A,0)),0) -> 0 | Z41: =IFERROR(INDEX(PODACI_PRODAJA!I:I,MATCH($A41,PODACI_PRODAJA!$A:$A,0)),0) -> 0 | AA41: =IFERROR(INDEX(PODACI_PRODAJA!J:J,MATCH($A41,PODACI_PRODAJA!$A:$A,0)),0) -> 0 | AB41: =IFERROR(INDEX(PODACI_PRODAJA!K:K,MATCH($A41,PODACI_PRODAJA!$A:$A,0)),0) -> 0 | AC41: =IFERROR(INDEX(PODACI_PRODAJA!L:L,MATCH($A41,PODACI_PRODAJA!$A:$A,0)),0) -> 0 | AD41: =IFERROR(INDEX(PODACI_PRODAJA!M:M,MATCH($A41,PODACI_PRODAJA!$A:$A,0)),0) -> 0
A42: =PODACI_ZALIHE!A39 -> 18240 | B42: =PODACI_ZALIHE!B39 -> GEA OGLEDALO D60 cm | C42: =PODACI_ZALIHE!C39 -> 6032 | D42: =PODACI_ZALIHE!D39 -> HANGZHOU ZIHAN MIRROR INDUSTRY CO., LTD. | E42: =IF(PODACI_ZALIHE!E39="","",PODACI_ZALIHE!E39) -> 200 | F42: =PODACI_ZALIHE!F39 -> 200 | G42: =IF(E42="","",E42-F42) -> 0 | H42: =PODACI_PRODAJA!N17 -> 6.13 | I42: =IF(H42<=0,999,ROUND(F42/H42,1)) -> 32.6 | J42: =SUMIFS(ROBA_U_DOLASKU!$C$6:$C$95,ROBA_U_DOLASKU!$A$6:$A$95,A42,ROBA_U_DOLASKU!$H$6:$H$95,1) -> 0 | K42: =SUMIFS(ROBA_U_DOLASKU!$B$6:$B$95,ROBA_U_DOLASKU!$A$6:$A$95,A42,ROBA_U_DOLASKU!$H$6:$H$95,1) -> 0 | L42: =SUMIFS(ROBA_U_DOLASKU!$C$6:$C$95,ROBA_U_DOLASKU!$A$6:$A$95,A42,ROBA_U_DOLASKU!$H$6:$H$95,2) -> 0 | M42: =SUMIFS(ROBA_U_DOLASKU!$B$6:$B$95,ROBA_U_DOLASKU!$A$6:$A$95,A42,ROBA_U_DOLASKU!$H$6:$H$95,2) -> 0 | N42: =SUMIFS(ROBA_U_DOLASKU!$C$6:$C$95,ROBA_U_DOLASKU!$A$6:$A$95,A42,ROBA_U_DOLASKU!$H$6:$H$95,3) -> 0 | O42: =SUMIFS(ROBA_U_DOLASKU!$B$6:$B$95,ROBA_U_DOLASKU!$A$6:$A$95,A42,ROBA_U_DOLASKU!$H$6:$H$95,3) -> 0 | P42: =IF(H42<=0,999,IF(O42>0,ROUND((F42-H42*N42+K42+M42+O42)/H42,1),IF(M42>0,ROUND((F42-H42*L42+K42+M42)/H42,1),IF(K42>0,ROUND((F42-H42*J42+K42)/H42,1),I42)))) -> 32.6 | Q42: =IF(H42<=0,"Nema prodaje",IF(AND(K42=0,M42=0,O42=0),IF(I42<POSTAVKE!$B$6,"Naruči odmah","Sve u redu"),IF(F42-H42*J42<0,"Rupa za ~"&TEXT(I42,"0.0")&" mj.",IF(AND(M42>0,F42-H42*L42+K42<0),"Rupa nakon 1. dolaska",IF(AND(O42>0,F42-H42*N42+K42+M42<0),"Rupa nakon 2. dolaska",IF(P42<POSTAVKE!$B$6,"Količina nije dovoljna",IF(I42>=POSTAVKE!$B$6,"Sve u redu","Stiže na vrijeme"))))))) -> Sve u redu | S42: =IFERROR(INDEX(PODACI_PRODAJA!B:B,MATCH($A42,PODACI_PRODAJA!$A:$A,0)),0) -> 49 | T42: =IFERROR(INDEX(PODACI_PRODAJA!C:C,MATCH($A42,PODACI_PRODAJA!$A:$A,0)),0) -> 0 | U42: =IFERROR(INDEX(PODACI_PRODAJA!D:D,MATCH($A42,PODACI_PRODAJA!$A:$A,0)),0) -> 0 | V42: =IFERROR(INDEX(PODACI_PRODAJA!E:E,MATCH($A42,PODACI_PRODAJA!$A:$A,0)),0) -> 0 | W42: =IFERROR(INDEX(PODACI_PRODAJA!F:F,MATCH($A42,PODACI_PRODAJA!$A:$A,0)),0) -> 0 | X42: =IFERROR(INDEX(PODACI_PRODAJA!G:G,MATCH($A42,PODACI_PRODAJA!$A:$A,0)),0) -> 0 | Y42: =IFERROR(INDEX(PODACI_PRODAJA!H:H,MATCH($A42,PODACI_PRODAJA!$A:$A,0)),0) -> 0 | Z42: =IFERROR(INDEX(PODACI_PRODAJA!I:I,MATCH($A42,PODACI_PRODAJA!$A:$A,0)),0) -> 0 | AA42: =IFERROR(INDEX(PODACI_PRODAJA!J:J,MATCH($A42,PODACI_PRODAJA!$A:$A,0)),0) -> 0 | AB42: =IFERROR(INDEX(PODACI_PRODAJA!K:K,MATCH($A42,PODACI_PRODAJA!$A:$A,0)),0) -> 0 | AC42: =IFERROR(INDEX(PODACI_PRODAJA!L:L,MATCH($A42,PODACI_PRODAJA!$A:$A,0)),0) -> 0 | AD42: =IFERROR(INDEX(PODACI_PRODAJA!M:M,MATCH($A42,PODACI_PRODAJA!$A:$A,0)),0) -> 0
A43: =PODACI_ZALIHE!A40 -> 16936 | B43: =PODACI_ZALIHE!B40 -> ZOYA GOLD OGLEDALO R 80 cm | C43: =PODACI_ZALIHE!C40 -> 6032 | D43: =PODACI_ZALIHE!D40 -> HANGZHOU ZIHAN MIRROR INDUSTRY CO., LTD. | E43: =IF(PODACI_ZALIHE!E40="","",PODACI_ZALIHE!E40) -> 200 | F43: =PODACI_ZALIHE!F40 -> 196 | G43: =IF(E43="","",E43-F43) -> 4 | H43: =PODACI_PRODAJA!N107 -> 12.13 | I43: =IF(H43<=0,999,ROUND(F43/H43,1)) -> 16.2 | J43: =SUMIFS(ROBA_U_DOLASKU!$C$6:$C$95,ROBA_U_DOLASKU!$A$6:$A$95,A43,ROBA_U_DOLASKU!$H$6:$H$95,1) -> 0 | K43: =SUMIFS(ROBA_U_DOLASKU!$B$6:$B$95,ROBA_U_DOLASKU!$A$6:$A$95,A43,ROBA_U_DOLASKU!$H$6:$H$95,1) -> 0 | L43: =SUMIFS(ROBA_U_DOLASKU!$C$6:$C$95,ROBA_U_DOLASKU!$A$6:$A$95,A43,ROBA_U_DOLASKU!$H$6:$H$95,2) -> 0 | M43: =SUMIFS(ROBA_U_DOLASKU!$B$6:$B$95,ROBA_U_DOLASKU!$A$6:$A$95,A43,ROBA_U_DOLASKU!$H$6:$H$95,2) -> 0 | N43: =SUMIFS(ROBA_U_DOLASKU!$C$6:$C$95,ROBA_U_DOLASKU!$A$6:$A$95,A43,ROBA_U_DOLASKU!$H$6:$H$95,3) -> 0 | O43: =SUMIFS(ROBA_U_DOLASKU!$B$6:$B$95,ROBA_U_DOLASKU!$A$6:$A$95,A43,ROBA_U_DOLASKU!$H$6:$H$95,3) -> 0 | P43: =IF(H43<=0,999,IF(O43>0,ROUND((F43-H43*N43+K43+M43+O43)/H43,1),IF(M43>0,ROUND((F43-H43*L43+K43+M43)/H43,1),IF(K43>0,ROUND((F43-H43*J43+K43)/H43,1),I43)))) -> 16.2 | Q43: =IF(H43<=0,"Nema prodaje",IF(AND(K43=0,M43=0,O43=0),IF(I43<POSTAVKE!$B$6,"Naruči odmah","Sve u redu"),IF(F43-H43*J43<0,"Rupa za ~"&TEXT(I43,"0.0")&" mj.",IF(AND(M43>0,F43-H43*L43+K43<0),"Rupa nakon 1. dolaska",IF(AND(O43>0,F43-H43*N43+K43+M43<0),"Rupa nakon 2. dolaska",IF(P43<POSTAVKE!$B$6,"Količina nije dovoljna",IF(I43>=POSTAVKE!$B$6,"Sve u redu","Stiže na vrijeme"))))))) -> Sve u redu | S43: =IFERROR(INDEX(PODACI_PRODAJA!B:B,MATCH($A43,PODACI_PRODAJA!$A:$A,0)),0) -> 6 | T43: =IFERROR(INDEX(PODACI_PRODAJA!C:C,MATCH($A43,PODACI_PRODAJA!$A:$A,0)),0) -> 18 | U43: =IFERROR(INDEX(PODACI_PRODAJA!D:D,MATCH($A43,PODACI_PRODAJA!$A:$A,0)),0) -> 24 | V43: =IFERROR(INDEX(PODACI_PRODAJA!E:E,MATCH($A43,PODACI_PRODAJA!$A:$A,0)),0) -> 13 | W43: =IFERROR(INDEX(PODACI_PRODAJA!F:F,MATCH($A43,PODACI_PRODAJA!$A:$A,0)),0) -> 14 | X43: =IFERROR(INDEX(PODACI_PRODAJA!G:G,MATCH($A43,PODACI_PRODAJA!$A:$A,0)),0) -> 4 | Y43: =IFERROR(INDEX(PODACI_PRODAJA!H:H,MATCH($A43,PODACI_PRODAJA!$A:$A,0)),0) -> 5 | Z43: =IFERROR(INDEX(PODACI_PRODAJA!I:I,MATCH($A43,PODACI_PRODAJA!$A:$A,0)),0) -> 13 | AA43: =IFERROR(INDEX(PODACI_PRODAJA!J:J,MATCH($A43,PODACI_PRODAJA!$A:$A,0)),0) -> 2 | AB43: =IFERROR(INDEX(PODACI_PRODAJA!K:K,MATCH($A43,PODACI_PRODAJA!$A:$A,0)),0) -> 0 | AC43: =IFERROR(INDEX(PODACI_PRODAJA!L:L,MATCH($A43,PODACI_PRODAJA!$A:$A,0)),0) -> 0 | AD43: =IFERROR(INDEX(PODACI_PRODAJA!M:M,MATCH($A43,PODACI_PRODAJA!$A:$A,0)),0) -> 0
A44: =PODACI_ZALIHE!A41 -> 046201 | B44: =PODACI_ZALIHE!B41 -> ZELENA OBLOGA ZA ZID VERDE GARDEN | C44: =PODACI_ZALIHE!C41 -> 6931 | D44: =PODACI_ZALIHE!D41 -> INTCO INTERNATIONAL (HK) CO., LIMITED | E44: =IF(PODACI_ZALIHE!E41="","",PODACI_ZALIHE!E41) -> 195 | F44: =PODACI_ZALIHE!F41 -> 195 | G44: =IF(E44="","",E44-F44) -> 0 | H44: =PODACI_PRODAJA!N438 -> 1.63 | I44: =IF(H44<=0,999,ROUND(F44/H44,1)) -> 119.6 | J44: =SUMIFS(ROBA_U_DOLASKU!$C$6:$C$95,ROBA_U_DOLASKU!$A$6:$A$95,A44,ROBA_U_DOLASKU!$H$6:$H$95,1) -> 0 | K44: =SUMIFS(ROBA_U_DOLASKU!$B$6:$B$95,ROBA_U_DOLASKU!$A$6:$A$95,A44,ROBA_U_DOLASKU!$H$6:$H$95,1) -> 0 | L44: =SUMIFS(ROBA_U_DOLASKU!$C$6:$C$95,ROBA_U_DOLASKU!$A$6:$A$95,A44,ROBA_U_DOLASKU!$H$6:$H$95,2) -> 0 | M44: =SUMIFS(ROBA_U_DOLASKU!$B$6:$B$95,ROBA_U_DOLASKU!$A$6:$A$95,A44,ROBA_U_DOLASKU!$H$6:$H$95,2) -> 0 | N44: =SUMIFS(ROBA_U_DOLASKU!$C$6:$C$95,ROBA_U_DOLASKU!$A$6:$A$95,A44,ROBA_U_DOLASKU!$H$6:$H$95,3) -> 0 | O44: =SUMIFS(ROBA_U_DOLASKU!$B$6:$B$95,ROBA_U_DOLASKU!$A$6:$A$95,A44,ROBA_U_DOLASKU!$H$6:$H$95,3) -> 0 | P44: =IF(H44<=0,999,IF(O44>0,ROUND((F44-H44*N44+K44+M44+O44)/H44,1),IF(M44>0,ROUND((F44-H44*L44+K44+M44)/H44,1),IF(K44>0,ROUND((F44-H44*J44+K44)/H44,1),I44)))) -> 119.6 | Q44: =IF(H44<=0,"Nema prodaje",IF(AND(K44=0,M44=0,O44=0),IF(I44<POSTAVKE!$B$6,"Naruči odmah","Sve u redu"),IF(F44-H44*J44<0,"Rupa za ~"&TEXT(I44,"0.0")&" mj.",IF(AND(M44>0,F44-H44*L44+K44<0),"Rupa nakon 1. dolaska",IF(AND(O44>0,F44-H44*N44+K44+M44<0),"Rupa nakon 2. dolaska",IF(P44<POSTAVKE!$B$6,"Količina nije dovoljna",IF(I44>=POSTAVKE!$B$6,"Sve u redu","Stiže na vrijeme"))))))) -> Sve u redu | S44: =IFERROR(INDEX(PODACI_PRODAJA!B:B,MATCH($A44,PODACI_PRODAJA!$A:$A,0)),0) -> 0 | T44: =IFERROR(INDEX(PODACI_PRODAJA!C:C,MATCH($A44,PODACI_PRODAJA!$A:$A,0)),0) -> 0 | U44: =IFERROR(INDEX(PODACI_PRODAJA!D:D,MATCH($A44,PODACI_PRODAJA!$A:$A,0)),0) -> 0 | V44: =IFERROR(INDEX(PODACI_PRODAJA!E:E,MATCH($A44,PODACI_PRODAJA!$A:$A,0)),0) -> 0 | W44: =IFERROR(INDEX(PODACI_PRODAJA!F:F,MATCH($A44,PODACI_PRODAJA!$A:$A,0)),0) -> 0 | X44: =IFERROR(INDEX(PODACI_PRODAJA!G:G,MATCH($A44,PODACI_PRODAJA!$A:$A,0)),0) -> 0 | Y44: =IFERROR(INDEX(PODACI_PRODAJA!H:H,MATCH($A44,PODACI_PRODAJA!$A:$A,0)),0) -> 13 | Z44: =IFERROR(INDEX(PODACI_PRODAJA!I:I,MATCH($A44,PODACI_PRODAJA!$A:$A,0)),0) -> 0 | AA44: =IFERROR(INDEX(PODACI_PRODAJA!J:J,MATCH($A44,PODACI_PRODAJA!$A:$A,0)),0) -> 0 | AB44: =IFERROR(INDEX(PODACI_PRODAJA!K:K,MATCH($A44,PODACI_PRODAJA!$A:$A,0)),0) -> 0 | AC44: =IFERROR(INDEX(PODACI_PRODAJA!L:L,MATCH($A44,PODACI_PRODAJA!$A:$A,0)),0) -> 0 | AD44: =IFERROR(INDEX(PODACI_PRODAJA!M:M,MATCH($A44,PODACI_PRODAJA!$A:$A,0)),0) -> 0
A45: =PODACI_ZALIHE!A42 -> 00835 | B45: =PODACI_ZALIHE!B42 -> GL11427 SIFON ZA TUŠ KADU CLICK MESING | C45: =PODACI_ZALIHE!C42 -> 3291 | D45: =PODACI_ZALIHE!D42 -> TEHNOEXPORT D.O.O. | E45: =IF(PODACI_ZALIHE!E42="","",PODACI_ZALIHE!E42) -> 237 | F45: =PODACI_ZALIHE!F42 -> 190 | G45: =IF(E45="","",E45-F45) -> 47 | H45: =PODACI_PRODAJA!N3 -> 109.5 | I45: =IF(H45<=0,999,ROUND(F45/H45,1)) -> 1.7 | J45: =SUMIFS(ROBA_U_DOLASKU!$C$6:$C$95,ROBA_U_DOLASKU!$A$6:$A$95,A45,ROBA_U_DOLASKU!$H$6:$H$95,1) -> 0 | K45: =SUMIFS(ROBA_U_DOLASKU!$B$6:$B$95,ROBA_U_DOLASKU!$A$6:$A$95,A45,ROBA_U_DOLASKU!$H$6:$H$95,1) -> 0 | L45: =SUMIFS(ROBA_U_DOLASKU!$C$6:$C$95,ROBA_U_DOLASKU!$A$6:$A$95,A45,ROBA_U_DOLASKU!$H$6:$H$95,2) -> 0 | M45: =SUMIFS(ROBA_U_DOLASKU!$B$6:$B$95,ROBA_U_DOLASKU!$A$6:$A$95,A45,ROBA_U_DOLASKU!$H$6:$H$95,2) -> 0 | N45: =SUMIFS(ROBA_U_DOLASKU!$C$6:$C$95,ROBA_U_DOLASKU!$A$6:$A$95,A45,ROBA_U_DOLASKU!$H$6:$H$95,3) -> 0 | O45: =SUMIFS(ROBA_U_DOLASKU!$B$6:$B$95,ROBA_U_DOLASKU!$A$6:$A$95,A45,ROBA_U_DOLASKU!$H$6:$H$95,3) -> 0 | P45: =IF(H45<=0,999,IF(O45>0,ROUND((F45-H45*N45+K45+M45+O45)/H45,1),IF(M45>0,ROUND((F45-H45*L45+K45+M45)/H45,1),IF(K45>0,ROUND((F45-H45*J45+K45)/H45,1),I45)))) -> 1.7 | Q45: =IF(H45<=0,"Nema prodaje",IF(AND(K45=0,M45=0,O45=0),IF(I45<POSTAVKE!$B$6,"Naruči odmah","Sve u redu"),IF(F45-H45*J45<0,"Rupa za ~"&TEXT(I45,"0.0")&" mj.",IF(AND(M45>0,F45-H45*L45+K45<0),"Rupa nakon 1. dolaska",IF(AND(O45>0,F45-H45*N45+K45+M45<0),"Rupa nakon 2. dolaska",IF(P45<POSTAVKE!$B$6,"Količina nije dovoljna",IF(I45>=POSTAVKE!$B$6,"Sve u redu","Stiže na vrijeme"))))))) -> Naruči odmah | S45: =IFERROR(INDEX(PODACI_PRODAJA!B:B,MATCH($A45,PODACI_PRODAJA!$A:$A,0)),0) -> 134 | T45: =IFERROR(INDEX(PODACI_PRODAJA!C:C,MATCH($A45,PODACI_PRODAJA!$A:$A,0)),0) -> 73 | U45: =IFERROR(INDEX(PODACI_PRODAJA!D:D,MATCH($A45,PODACI_PRODAJA!$A:$A,0)),0) -> 121 | V45: =IFERROR(INDEX(PODACI_PRODAJA!E:E,MATCH($A45,PODACI_PRODAJA!$A:$A,0)),0) -> 121 | W45: =IFERROR(INDEX(PODACI_PRODAJA!F:F,MATCH($A45,PODACI_PRODAJA!$A:$A,0)),0) -> 77 | X45: =IFERROR(INDEX(PODACI_PRODAJA!G:G,MATCH($A45,PODACI_PRODAJA!$A:$A,0)),0) -> 108 | Y45: =IFERROR(INDEX(PODACI_PRODAJA!H:H,MATCH($A45,PODACI_PRODAJA!$A:$A,0)),0) -> 145 | Z45: =IFERROR(INDEX(PODACI_PRODAJA!I:I,MATCH($A45,PODACI_PRODAJA!$A:$A,0)),0) -> 97 | AA45: =IFERROR(INDEX(PODACI_PRODAJA!J:J,MATCH($A45,PODACI_PRODAJA!$A:$A,0)),0) -> 47 | AB45: =IFERROR(INDEX(PODACI_PRODAJA!K:K,MATCH($A45,PODACI_PRODAJA!$A:$A,0)),0) -> 0 | AC45: =IFERROR(INDEX(PODACI_PRODAJA!L:L,MATCH($A45,PODACI_PRODAJA!$A:$A,0)),0) -> 0 | AD45: =IFERROR(INDEX(PODACI_PRODAJA!M:M,MATCH($A45,PODACI_PRODAJA!$A:$A,0)),0) -> 0
A46: =PODACI_ZALIHE!A43 -> 088940 | B46: =PODACI_ZALIHE!B43 -> PILETA UNIVERZALNA BIJELA 5/4 | C46: =PODACI_ZALIHE!C43 -> 0 | D46: =PODACI_ZALIHE!D43 -> 0 | E46: =IF(PODACI_ZALIHE!E43="","",PODACI_ZALIHE!E43) -> 189 | F46: =PODACI_ZALIHE!F43 -> 188 | G46: =IF(E46="","",E46-F46) -> 1 | H46: =PODACI_PRODAJA!N447 -> 14.75 | I46: =IF(H46<=0,999,ROUND(F46/H46,1)) -> 12.7 | J46: =SUMIFS(ROBA_U_DOLASKU!$C$6:$C$95,ROBA_U_DOLASKU!$A$6:$A$95,A46,ROBA_U_DOLASKU!$H$6:$H$95,1) -> 0 | K46: =SUMIFS(ROBA_U_DOLASKU!$B$6:$B$95,ROBA_U_DOLASKU!$A$6:$A$95,A46,ROBA_U_DOLASKU!$H$6:$H$95,1) -> 0 | L46: =SUMIFS(ROBA_U_DOLASKU!$C$6:$C$95,ROBA_U_DOLASKU!$A$6:$A$95,A46,ROBA_U_DOLASKU!$H$6:$H$95,2) -> 0 | M46: =SUMIFS(ROBA_U_DOLASKU!$B$6:$B$95,ROBA_U_DOLASKU!$A$6:$A$95,A46,ROBA_U_DOLASKU!$H$6:$H$95,2) -> 0 | N46: =SUMIFS(ROBA_U_DOLASKU!$C$6:$C$95,ROBA_U_DOLASKU!$A$6:$A$95,A46,ROBA_U_DOLASKU!$H$6:$H$95,3) -> 0 | O46: =SUMIFS(ROBA_U_DOLASKU!$B$6:$B$95,ROBA_U_DOLASKU!$A$6:$A$95,A46,ROBA_U_DOLASKU!$H$6:$H$95,3) -> 0 | P46: =IF(H46<=0,999,IF(O46>0,ROUND((F46-H46*N46+K46+M46+O46)/H46,1),IF(M46>0,ROUND((F46-H46*L46+K46+M46)/H46,1),IF(K46>0,ROUND((F46-H46*J46+K46)/H46,1),I46)))) -> 12.7 | Q46: =IF(H46<=0,"Nema prodaje",IF(AND(K46=0,M46=0,O46=0),IF(I46<POSTAVKE!$B$6,"Naruči odmah","Sve u redu"),IF(F46-H46*J46<0,"Rupa za ~"&TEXT(I46,"0.0")&" mj.",IF(AND(M46>0,F46-H46*L46+K46<0),"Rupa nakon 1. dolaska",IF(AND(O46>0,F46-H46*N46+K46+M46<0),"Rupa nakon 2. dolaska",IF(P46<POSTAVKE!$B$6,"Količina nije dovoljna",IF(I46>=POSTAVKE!$B$6,"Sve u redu","Stiže na vrijeme"))))))) -> Sve u redu | S46: =IFERROR(INDEX(PODACI_PRODAJA!B:B,MATCH($A46,PODACI_PRODAJA!$A:$A,0)),0) -> 0 | T46: =IFERROR(INDEX(PODACI_PRODAJA!C:C,MATCH($A46,PODACI_PRODAJA!$A:$A,0)),0) -> 5 | U46: =IFERROR(INDEX(PODACI_PRODAJA!D:D,MATCH($A46,PODACI_PRODAJA!$A:$A,0)),0) -> 15 | V46: =IFERROR(INDEX(PODACI_PRODAJA!E:E,MATCH($A46,PODACI_PRODAJA!$A:$A,0)),0) -> 17 | W46: =IFERROR(INDEX(PODACI_PRODAJA!F:F,MATCH($A46,PODACI_PRODAJA!$A:$A,0)),0) -> 23 | X46: =IFERROR(INDEX(PODACI_PRODAJA!G:G,MATCH($A46,PODACI_PRODAJA!$A:$A,0)),0) -> 11 | Y46: =IFERROR(INDEX(PODACI_PRODAJA!H:H,MATCH($A46,PODACI_PRODAJA!$A:$A,0)),0) -> 23 | Z46: =IFERROR(INDEX(PODACI_PRODAJA!I:I,MATCH($A46,PODACI_PRODAJA!$A:$A,0)),0) -> 24 | AA46: =IFERROR(INDEX(PODACI_PRODAJA!J:J,MATCH($A46,PODACI_PRODAJA!$A:$A,0)),0) -> 1 | AB46: =IFERROR(INDEX(PODACI_PRODAJA!K:K,MATCH($A46,PODACI_PRODAJA!$A:$A,0)),0) -> 0 | AC46: =IFERROR(INDEX(PODACI_PRODAJA!L:L,MATCH($A46,PODACI_PRODAJA!$A:$A,0)),0) -> 0 | AD46: =IFERROR(INDEX(PODACI_PRODAJA!M:M,MATCH($A46,PODACI_PRODAJA!$A:$A,0)),0) -> 0
A47: =PODACI_ZALIHE!A44 -> 15010 | B47: =PODACI_ZALIHE!B44 -> KUTNI PROFIL ZA PANELE 5 mm | C47: =PODACI_ZALIHE!C44 -> 0 | D47: =PODACI_ZALIHE!D44 -> 0 | E47: =IF(PODACI_ZALIHE!E44="","",PODACI_ZALIHE!E44) -> 187 | F47: =PODACI_ZALIHE!F44 -> 187 | G47: =IF(E47="","",E47-F47) -> 0 | H47: 0 | I47: =IF(H47<=0,999,ROUND(F47/H47,1)) -> 999 | J47: =SUMIFS(ROBA_U_DOLASKU!$C$6:$C$95,ROBA_U_DOLASKU!$A$6:$A$95,A47,ROBA_U_DOLASKU!$H$6:$H$95,1) -> 0 | K47: =SUMIFS(ROBA_U_DOLASKU!$B$6:$B$95,ROBA_U_DOLASKU!$A$6:$A$95,A47,ROBA_U_DOLASKU!$H$6:$H$95,1) -> 0 | L47: =SUMIFS(ROBA_U_DOLASKU!$C$6:$C$95,ROBA_U_DOLASKU!$A$6:$A$95,A47,ROBA_U_DOLASKU!$H$6:$H$95,2) -> 0 | M47: =SUMIFS(ROBA_U_DOLASKU!$B$6:$B$95,ROBA_U_DOLASKU!$A$6:$A$95,A47,ROBA_U_DOLASKU!$H$6:$H$95,2) -> 0 | N47: =SUMIFS(ROBA_U_DOLASKU!$C$6:$C$95,ROBA_U_DOLASKU!$A$6:$A$95,A47,ROBA_U_DOLASKU!$H$6:$H$95,3) -> 0 | O47: =SUMIFS(ROBA_U_DOLASKU!$B$6:$B$95,ROBA_U_DOLASKU!$A$6:$A$95,A47,ROBA_U_DOLASKU!$H$6:$H$95,3) -> 0 | P47: =IF(H47<=0,999,IF(O47>0,ROUND((F47-H47*N47+K47+M47+O47)/H47,1),IF(M47>0,ROUND((F47-H47*L47+K47+M47)/H47,1),IF(K47>0,ROUND((F47-H47*J47+K47)/H47,1),I47)))) -> 999 | Q47: =IF(H47<=0,"Nema prodaje",IF(AND(K47=0,M47=0,O47=0),IF(I47<POSTAVKE!$B$6,"Naruči odmah","Sve u redu"),IF(F47-H47*J47<0,"Rupa za ~"&TEXT(I47,"0.0")&" mj.",IF(AND(M47>0,F47-H47*L47+K47<0),"Rupa nakon 1. dolaska",IF(AND(O47>0,F47-H47*N47+K47+M47<0),"Rupa nakon 2. dolaska",IF(P47<POSTAVKE!$B$6,"Količina nije dovoljna",IF(I47>=POSTAVKE!$B$6,"Sve u redu","Stiže na vrijeme"))))))) -> Nema prodaje | S47: =IFERROR(INDEX(PODACI_PRODAJA!B:B,MATCH($A47,PODACI_PRODAJA!$A:$A,0)),0) -> 0 | T47: =IFERROR(INDEX(PODACI_PRODAJA!C:C,MATCH($A47,PODACI_PRODAJA!$A:$A,0)),0) -> 0 | U47: =IFERROR(INDEX(PODACI_PRODAJA!D:D,MATCH($A47,PODACI_PRODAJA!$A:$A,0)),0) -> 0 | V47: =IFERROR(INDEX(PODACI_PRODAJA!E:E,MATCH($A47,PODACI_PRODAJA!$A:$A,0)),0) -> 0 | W47: =IFERROR(INDEX(PODACI_PRODAJA!F:F,MATCH($A47,PODACI_PRODAJA!$A:$A,0)),0) -> 0 | X47: =IFERROR(INDEX(PODACI_PRODAJA!G:G,MATCH($A47,PODACI_PRODAJA!$A:$A,0)),0) -> 0 | Y47: =IFERROR(INDEX(PODACI_PRODAJA!H:H,MATCH($A47,PODACI_PRODAJA!$A:$A,0)),0) -> 0 | Z47: =IFERROR(INDEX(PODACI_PRODAJA!I:I,MATCH($A47,PODACI_PRODAJA!$A:$A,0)),0) -> 0 | AA47: =IFERROR(INDEX(PODACI_PRODAJA!J:J,MATCH($A47,PODACI_PRODAJA!$A:$A,0)),0) -> 0 | AB47: =IFERROR(INDEX(PODACI_PRODAJA!K:K,MATCH($A47,PODACI_PRODAJA!$A:$A,0)),0) -> 0 | AC47: =IFERROR(INDEX(PODACI_PRODAJA!L:L,MATCH($A47,PODACI_PRODAJA!$A:$A,0)),0) -> 0 | AD47: =IFERROR(INDEX(PODACI_PRODAJA!M:M,MATCH($A47,PODACI_PRODAJA!$A:$A,0)),0) -> 0
A48: =PODACI_ZALIHE!A45 -> 17177 | B48: =PODACI_ZALIHE!B45 -> NERO DRŽAČ WC ČETKE - CRNI | C48: =PODACI_ZALIHE!C45 -> 6458 | D48: =PODACI_ZALIHE!D45 -> BOJIA TRADING LIMITED | E48: =IF(PODACI_ZALIHE!E45="","",PODACI_ZALIHE!E45) -> 186 | F48: =PODACI_ZALIHE!F45 -> 186 | G48: =IF(E48="","",E48-F48) -> 0 | H48: =PODACI_PRODAJA!N594 -> 0.88 | I48: =IF(H48<=0,999,ROUND(F48/H48,1)) -> 211.4 | J48: =SUMIFS(ROBA_U_DOLASKU!$C$6:$C$95,ROBA_U_DOLASKU!$A$6:$A$95,A48,ROBA_U_DOLASKU!$H$6:$H$95,1) -> 0 | K48: =SUMIFS(ROBA_U_DOLASKU!$B$6:$B$95,ROBA_U_DOLASKU!$A$6:$A$95,A48,ROBA_U_DOLASKU!$H$6:$H$95,1) -> 0 | L48: =SUMIFS(ROBA_U_DOLASKU!$C$6:$C$95,ROBA_U_DOLASKU!$A$6:$A$95,A48,ROBA_U_DOLASKU!$H$6:$H$95,2) -> 0 | M48: =SUMIFS(ROBA_U_DOLASKU!$B$6:$B$95,ROBA_U_DOLASKU!$A$6:$A$95,A48,ROBA_U_DOLASKU!$H$6:$H$95,2) -> 0 | N48: =SUMIFS(ROBA_U_DOLASKU!$C$6:$C$95,ROBA_U_DOLASKU!$A$6:$A$95,A48,ROBA_U_DOLASKU!$H$6:$H$95,3) -> 0 | O48: =SUMIFS(ROBA_U_DOLASKU!$B$6:$B$95,ROBA_U_DOLASKU!$A$6:$A$95,A48,ROBA_U_DOLASKU!$H$6:$H$95,3) -> 0 | P48: =IF(H48<=0,999,IF(O48>0,ROUND((F48-H48*N48+K48+M48+O48)/H48,1),IF(M48>0,ROUND((F48-H48*L48+K48+M48)/H48,1),IF(K48>0,ROUND((F48-H48*J48+K48)/H48,1),I48)))) -> 211.4 | Q48: =IF(H48<=0,"Nema prodaje",IF(AND(K48=0,M48=0,O48=0),IF(I48<POSTAVKE!$B$6,"Naruči odmah","Sve u redu"),IF(F48-H48*J48<0,"Rupa za ~"&TEXT(I48,"0.0")&" mj.",IF(AND(M48>0,F48-H48*L48+K48<0),"Rupa nakon 1. dolaska",IF(AND(O48>0,F48-H48*N48+K48+M48<0),"Rupa nakon 2. dolaska",IF(P48<POSTAVKE!$B$6,"Količina nije dovoljna",IF(I48>=POSTAVKE!$B$6,"Sve u redu","Stiže na vrijeme"))))))) -> Sve u redu | S48: =IFERROR(INDEX(PODACI_PRODAJA!B:B,MATCH($A48,PODACI_PRODAJA!$A:$A,0)),0) -> 0 | T48: =IFERROR(INDEX(PODACI_PRODAJA!C:C,MATCH($A48,PODACI_PRODAJA!$A:$A,0)),0) -> 0 | U48: =IFERROR(INDEX(PODACI_PRODAJA!D:D,MATCH($A48,PODACI_PRODAJA!$A:$A,0)),0) -> 0 | V48: =IFERROR(INDEX(PODACI_PRODAJA!E:E,MATCH($A48,PODACI_PRODAJA!$A:$A,0)),0) -> 3 | W48: =IFERROR(INDEX(PODACI_PRODAJA!F:F,MATCH($A48,PODACI_PRODAJA!$A:$A,0)),0) -> 4 | X48: =IFERROR(INDEX(PODACI_PRODAJA!G:G,MATCH($A48,PODACI_PRODAJA!$A:$A,0)),0) -> 0 | Y48: =IFERROR(INDEX(PODACI_PRODAJA!H:H,MATCH($A48,PODACI_PRODAJA!$A:$A,0)),0) -> 0 | Z48: =IFERROR(INDEX(PODACI_PRODAJA!I:I,MATCH($A48,PODACI_PRODAJA!$A:$A,0)),0) -> 0 | AA48: =IFERROR(INDEX(PODACI_PRODAJA!J:J,MATCH($A48,PODACI_PRODAJA!$A:$A,0)),0) -> 0 | AB48: =IFERROR(INDEX(PODACI_PRODAJA!K:K,MATCH($A48,PODACI_PRODAJA!$A:$A,0)),0) -> 0 | AC48: =IFERROR(INDEX(PODACI_PRODAJA!L:L,MATCH($A48,PODACI_PRODAJA!$A:$A,0)),0) -> 0 | AD48: =IFERROR(INDEX(PODACI_PRODAJA!M:M,MATCH($A48,PODACI_PRODAJA!$A:$A,0)),0) -> 0
A49: =PODACI_ZALIHE!A46 -> 15011 | B49: =PODACI_ZALIHE!B46 -> ZAVRŠNI PROFIL ZA PANELE 5 mm | C49: =PODACI_ZALIHE!C46 -> 0 | D49: =PODACI_ZALIHE!D46 -> 0 | E49: =IF(PODACI_ZALIHE!E46="","",PODACI_ZALIHE!E46) -> 184 | F49: =PODACI_ZALIHE!F46 -> 184 | G49: =IF(E49="","",E49-F49) -> 0 | H49: 0 | I49: =IF(H49<=0,999,ROUND(F49/H49,1)) -> 999 | J49: =SUMIFS(ROBA_U_DOLASKU!$C$6:$C$95,ROBA_U_DOLASKU!$A$6:$A$95,A49,ROBA_U_DOLASKU!$H$6:$H$95,1) -> 0 | K49: =SUMIFS(ROBA_U_DOLASKU!$B$6:$B$95,ROBA_U_DOLASKU!$A$6:$A$95,A49,ROBA_U_DOLASKU!$H$6:$H$95,1) -> 0 | L49: =SUMIFS(ROBA_U_DOLASKU!$C$6:$C$95,ROBA_U_DOLASKU!$A$6:$A$95,A49,ROBA_U_DOLASKU!$H$6:$H$95,2) -> 0 | M49: =SUMIFS(ROBA_U_DOLASKU!$B$6:$B$95,ROBA_U_DOLASKU!$A$6:$A$95,A49,ROBA_U_DOLASKU!$H$6:$H$95,2) -> 0 | N49: =SUMIFS(ROBA_U_DOLASKU!$C$6:$C$95,ROBA_U_DOLASKU!$A$6:$A$95,A49,ROBA_U_DOLASKU!$H$6:$H$95,3) -> 0 | O49: =SUMIFS(ROBA_U_DOLASKU!$B$6:$B$95,ROBA_U_DOLASKU!$A$6:$A$95,A49,ROBA_U_DOLASKU!$H$6:$H$95,3) -> 0 | P49: =IF(H49<=0,999,IF(O49>0,ROUND((F49-H49*N49+K49+M49+O49)/H49,1),IF(M49>0,ROUND((F49-H49*L49+K49+M49)/H49,1),IF(K49>0,ROUND((F49-H49*J49+K49)/H49,1),I49)))) -> 999 | Q49: =IF(H49<=0,"Nema prodaje",IF(AND(K49=0,M49=0,O49=0),IF(I49<POSTAVKE!$B$6,"Naruči odmah","Sve u redu"),IF(F49-H49*J49<0,"Rupa za ~"&TEXT(I49,"0.0")&" mj.",IF(AND(M49>0,F49-H49*L49+K49<0),"Rupa nakon 1. dolaska",IF(AND(O49>0,F49-H49*N49+K49+M49<0),"Rupa nakon 2. dolaska",IF(P49<POSTAVKE!$B$6,"Količina nije dovoljna",IF(I49>=POSTAVKE!$B$6,"Sve u redu","Stiže na vrijeme"))))))) -> Nema prodaje | S49: =IFERROR(INDEX(PODACI_PRODAJA!B:B,MATCH($A49,PODACI_PRODAJA!$A:$A,0)),0) -> 0 | T49: =IFERROR(INDEX(PODACI_PRODAJA!C:C,MATCH($A49,PODACI_PRODAJA!$A:$A,0)),0) -> 0 | U49: =IFERROR(INDEX(PODACI_PRODAJA!D:D,MATCH($A49,PODACI_PRODAJA!$A:$A,0)),0) -> 0 | V49: =IFERROR(INDEX(PODACI_PRODAJA!E:E,MATCH($A49,PODACI_PRODAJA!$A:$A,0)),0) -> 0 | W49: =IFERROR(INDEX(PODACI_PRODAJA!F:F,MATCH($A49,PODACI_PRODAJA!$A:$A,0)),0) -> 0 | X49: =IFERROR(INDEX(PODACI_PRODAJA!G:G,MATCH($A49,PODACI_PRODAJA!$A:$A,0)),0) -> 0 | Y49: =IFERROR(INDEX(PODACI_PRODAJA!H:H,MATCH($A49,PODACI_PRODAJA!$A:$A,0)),0) -> 0 | Z49: =IFERROR(INDEX(PODACI_PRODAJA!I:I,MATCH($A49,PODACI_PRODAJA!$A:$A,0)),0) -> 0 | AA49: =IFERROR(INDEX(PODACI_PRODAJA!J:J,MATCH($A49,PODACI_PRODAJA!$A:$A,0)),0) -> 0 | AB49: =IFERROR(INDEX(PODACI_PRODAJA!K:K,MATCH($A49,PODACI_PRODAJA!$A:$A,0)),0) -> 0 | AC49: =IFERROR(INDEX(PODACI_PRODAJA!L:L,MATCH($A49,PODACI_PRODAJA!$A:$A,0)),0) -> 0 | AD49: =IFERROR(INDEX(PODACI_PRODAJA!M:M,MATCH($A49,PODACI_PRODAJA!$A:$A,0)),0) -> 0
A50: =PODACI_ZALIHE!A47 -> 18242 | B50: =PODACI_ZALIHE!B47 -> GEA OGLEDALO D80 cm | C50: =PODACI_ZALIHE!C47 -> 6032 | D50: =PODACI_ZALIHE!D47 -> HANGZHOU ZIHAN MIRROR INDUSTRY CO., LTD. | E50: =IF(PODACI_ZALIHE!E47="","",PODACI_ZALIHE!E47) -> 170 | F50: =PODACI_ZALIHE!F47 -> 170 | G50: =IF(E50="","",E50-F50) -> 0 | H50: =PODACI_PRODAJA!N50 -> 7.25 | I50: =IF(H50<=0,999,ROUND(F50/H50,1)) -> 23.4 | J50: =SUMIFS(ROBA_U_DOLASKU!$C$6:$C$95,ROBA_U_DOLASKU!$A$6:$A$95,A50,ROBA_U_DOLASKU!$H$6:$H$95,1) -> 0 | K50: =SUMIFS(ROBA_U_DOLASKU!$B$6:$B$95,ROBA_U_DOLASKU!$A$6:$A$95,A50,ROBA_U_DOLASKU!$H$6:$H$95,1) -> 0 | L50: =SUMIFS(ROBA_U_DOLASKU!$C$6:$C$95,ROBA_U_DOLASKU!$A$6:$A$95,A50,ROBA_U_DOLASKU!$H$6:$H$95,2) -> 0 | M50: =SUMIFS(ROBA_U_DOLASKU!$B$6:$B$95,ROBA_U_DOLASKU!$A$6:$A$95,A50,ROBA_U_DOLASKU!$H$6:$H$95,2) -> 0 | N50: =SUMIFS(ROBA_U_DOLASKU!$C$6:$C$95,ROBA_U_DOLASKU!$A$6:$A$95,A50,ROBA_U_DOLASKU!$H$6:$H$95,3) -> 0 | O50: =SUMIFS(ROBA_U_DOLASKU!$B$6:$B$95,ROBA_U_DOLASKU!$A$6:$A$95,A50,ROBA_U_DOLASKU!$H$6:$H$95,3) -> 0 | P50: =IF(H50<=0,999,IF(O50>0,ROUND((F50-H50*N50+K50+M50+O50)/H50,1),IF(M50>0,ROUND((F50-H50*L50+K50+M50)/H50,1),IF(K50>0,ROUND((F50-H50*J50+K50)/H50,1),I50)))) -> 23.4 | Q50: =IF(H50<=0,"Nema prodaje",IF(AND(K50=0,M50=0,O50=0),IF(I50<POSTAVKE!$B$6,"Naruči odmah","Sve u redu"),IF(F50-H50*J50<0,"Rupa za ~"&TEXT(I50,"0.0")&" mj.",IF(AND(M50>0,F50-H50*L50+K50<0),"Rupa nakon 1. dolaska",IF(AND(O50>0,F50-H50*N50+K50+M50<0),"Rupa nakon 2. dolaska",IF(P50<POSTAVKE!$B$6,"Količina nije dovoljna",IF(I50>=POSTAVKE!$B$6,"Sve u redu","Stiže na vrijeme"))))))) -> Sve u redu | S50: =IFERROR(INDEX(PODACI_PRODAJA!B:B,MATCH($A50,PODACI_PRODAJA!$A:$A,0)),0) -> 18 | T50: =IFERROR(INDEX(PODACI_PRODAJA!C:C,MATCH($A50,PODACI_PRODAJA!$A:$A,0)),0) -> 7 | U50: =IFERROR(INDEX(PODACI_PRODAJA!D:D,MATCH($A50,PODACI_PRODAJA!$A:$A,0)),0) -> 26 | V50: =IFERROR(INDEX(PODACI_PRODAJA!E:E,MATCH($A50,PODACI_PRODAJA!$A:$A,0)),0) -> 9 | W50: =IFERROR(INDEX(PODACI_PRODAJA!F:F,MATCH($A50,PODACI_PRODAJA!$A:$A,0)),0) -> 0 | X50: =IFERROR(INDEX(PODACI_PRODAJA!G:G,MATCH($A50,PODACI_PRODAJA!$A:$A,0)),0) -> -1 | Y50: =IFERROR(INDEX(PODACI_PRODAJA!H:H,MATCH($A50,PODACI_PRODAJA!$A:$A,0)),0) -> -1 | Z50: =IFERROR(INDEX(PODACI_PRODAJA!I:I,MATCH($A50,PODACI_PRODAJA!$A:$A,0)),0) -> 0 | AA50: =IFERROR(INDEX(PODACI_PRODAJA!J:J,MATCH($A50,PODACI_PRODAJA!$A:$A,0)),0) -> 0 | AB50: =IFERROR(INDEX(PODACI_PRODAJA!K:K,MATCH($A50,PODACI_PRODAJA!$A:$A,0)),0) -> 0 | AC50: =IFERROR(INDEX(PODACI_PRODAJA!L:L,MATCH($A50,PODACI_PRODAJA!$A:$A,0)),0) -> 0 | AD50: =IFERROR(INDEX(PODACI_PRODAJA!M:M,MATCH($A50,PODACI_PRODAJA!$A:$A,0)),0) -> 0
A51: =PODACI_ZALIHE!A48 -> 046200 | B51: =PODACI_ZALIHE!B48 -> ZELENA OBLOGA ZA ZID VERDE SELVA | C51: =PODACI_ZALIHE!C48 -> 6931 | D51: =PODACI_ZALIHE!D48 -> INTCO INTERNATIONAL (HK) CO., LIMITED | E51: =IF(PODACI_ZALIHE!E48="","",PODACI_ZALIHE!E48) -> 165 | F51: =PODACI_ZALIHE!F48 -> 165 | G51: =IF(E51="","",E51-F51) -> 0 | H51: =PODACI_PRODAJA!N437 -> 1.63 | I51: =IF(H51<=0,999,ROUND(F51/H51,1)) -> 101.2 | J51: =SUMIFS(ROBA_U_DOLASKU!$C$6:$C$95,ROBA_U_DOLASKU!$A$6:$A$95,A51,ROBA_U_DOLASKU!$H$6:$H$95,1) -> 0 | K51: =SUMIFS(ROBA_U_DOLASKU!$B$6:$B$95,ROBA_U_DOLASKU!$A$6:$A$95,A51,ROBA_U_DOLASKU!$H$6:$H$95,1) -> 0 | L51: =SUMIFS(ROBA_U_DOLASKU!$C$6:$C$95,ROBA_U_DOLASKU!$A$6:$A$95,A51,ROBA_U_DOLASKU!$H$6:$H$95,2) -> 0 | M51: =SUMIFS(ROBA_U_DOLASKU!$B$6:$B$95,ROBA_U_DOLASKU!$A$6:$A$95,A51,ROBA_U_DOLASKU!$H$6:$H$95,2) -> 0 | N51: =SUMIFS(ROBA_U_DOLASKU!$C$6:$C$95,ROBA_U_DOLASKU!$A$6:$A$95,A51,ROBA_U_DOLASKU!$H$6:$H$95,3) -> 0 | O51: =SUMIFS(ROBA_U_DOLASKU!$B$6:$B$95,ROBA_U_DOLASKU!$A$6:$A$95,A51,ROBA_U_DOLASKU!$H$6:$H$95,3) -> 0 | P51: =IF(H51<=0,999,IF(O51>0,ROUND((F51-H51*N51+K51+M51+O51)/H51,1),IF(M51>0,ROUND((F51-H51*L51+K51+M51)/H51,1),IF(K51>0,ROUND((F51-H51*J51+K51)/H51,1),I51)))) -> 101.2 | Q51: =IF(H51<=0,"Nema prodaje",IF(AND(K51=0,M51=0,O51=0),IF(I51<POSTAVKE!$B$6,"Naruči odmah","Sve u redu"),IF(F51-H51*J51<0,"Rupa za ~"&TEXT(I51,"0.0")&" mj.",IF(AND(M51>0,F51-H51*L51+K51<0),"Rupa nakon 1. dolaska",IF(AND(O51>0,F51-H51*N51+K51+M51<0),"Rupa nakon 2. dolaska",IF(P51<POSTAVKE!$B$6,"Količina nije dovoljna",IF(I51>=POSTAVKE!$B$6,"Sve u redu","Stiže na vrijeme"))))))) -> Sve u redu | S51: =IFERROR(INDEX(PODACI_PRODAJA!B:B,MATCH($A51,PODACI_PRODAJA!$A:$A,0)),0) -> 0 | T51: =IFERROR(INDEX(PODACI_PRODAJA!C:C,MATCH($A51,PODACI_PRODAJA!$A:$A,0)),0) -> 0 | U51: =IFERROR(INDEX(PODACI_PRODAJA!D:D,MATCH($A51,PODACI_PRODAJA!$A:$A,0)),0) -> 0 | V51: =IFERROR(INDEX(PODACI_PRODAJA!E:E,MATCH($A51,PODACI_PRODAJA!$A:$A,0)),0) -> 0 | W51: =IFERROR(INDEX(PODACI_PRODAJA!F:F,MATCH($A51,PODACI_PRODAJA!$A:$A,0)),0) -> 0 | X51: =IFERROR(INDEX(PODACI_PRODAJA!G:G,MATCH($A51,PODACI_PRODAJA!$A:$A,0)),0) -> 0 | Y51: =IFERROR(INDEX(PODACI_PRODAJA!H:H,MATCH($A51,PODACI_PRODAJA!$A:$A,0)),0) -> 13 | Z51: =IFERROR(INDEX(PODACI_PRODAJA!I:I,MATCH($A51,PODACI_PRODAJA!$A:$A,0)),0) -> 0 | AA51: =IFERROR(INDEX(PODACI_PRODAJA!J:J,MATCH($A51,PODACI_PRODAJA!$A:$A,0)),0) -> 0 | AB51: =IFERROR(INDEX(PODACI_PRODAJA!K:K,MATCH($A51,PODACI_PRODAJA!$A:$A,0)),0) -> 0 | AC51: =IFERROR(INDEX(PODACI_PRODAJA!L:L,MATCH($A51,PODACI_PRODAJA!$A:$A,0)),0) -> 0 | AD51: =IFERROR(INDEX(PODACI_PRODAJA!M:M,MATCH($A51,PODACI_PRODAJA!$A:$A,0)),0) -> 0
A52: =PODACI_ZALIHE!A49 -> 00897 | B52: =PODACI_ZALIHE!B49 -> LYNN OGLEDALO S LED RASVJETOM 60x80 cm | C52: =PODACI_ZALIHE!C49 -> 5720 | D52: =PODACI_ZALIHE!D49 -> ZHEJIANG SUMMERSIDE SANITARY WARE TECHNOLOGY CO., LTD | E52: =IF(PODACI_ZALIHE!E49="","",PODACI_ZALIHE!E49) -> 169 | F52: =PODACI_ZALIHE!F49 -> 161 | G52: =IF(E52="","",E52-F52) -> 8 | H52: =PODACI_PRODAJA!N30 -> 75.13 | I52: =IF(H52<=0,999,ROUND(F52/H52,1)) -> 2.1 | J52: =SUMIFS(ROBA_U_DOLASKU!$C$6:$C$95,ROBA_U_DOLASKU!$A$6:$A$95,A52,ROBA_U_DOLASKU!$H$6:$H$95,1) -> 2.2 | K52: =SUMIFS(ROBA_U_DOLASKU!$B$6:$B$95,ROBA_U_DOLASKU!$A$6:$A$95,A52,ROBA_U_DOLASKU!$H$6:$H$95,1) -> 200 | L52: =SUMIFS(ROBA_U_DOLASKU!$C$6:$C$95,ROBA_U_DOLASKU!$A$6:$A$95,A52,ROBA_U_DOLASKU!$H$6:$H$95,2) -> 0 | M52: =SUMIFS(ROBA_U_DOLASKU!$B$6:$B$95,ROBA_U_DOLASKU!$A$6:$A$95,A52,ROBA_U_DOLASKU!$H$6:$H$95,2) -> 0 | N52: =SUMIFS(ROBA_U_DOLASKU!$C$6:$C$95,ROBA_U_DOLASKU!$A$6:$A$95,A52,ROBA_U_DOLASKU!$H$6:$H$95,3) -> 0 | O52: =SUMIFS(ROBA_U_DOLASKU!$B$6:$B$95,ROBA_U_DOLASKU!$A$6:$A$95,A52,ROBA_U_DOLASKU!$H$6:$H$95,3) -> 0 | P52: =IF(H52<=0,999,IF(O52>0,ROUND((F52-H52*N52+K52+M52+O52)/H52,1),IF(M52>0,ROUND((F52-H52*L52+K52+M52)/H52,1),IF(K52>0,ROUND((F52-H52*J52+K52)/H52,1),I52)))) -> 2.6 | Q52: =IF(H52<=0,"Nema prodaje",IF(AND(K52=0,M52=0,O52=0),IF(I52<POSTAVKE!$B$6,"Naruči odmah","Sve u redu"),IF(F52-H52*J52<0,"Rupa za ~"&TEXT(I52,"0.0")&" mj.",IF(AND(M52>0,F52-H52*L52+K52<0),"Rupa nakon 1. dolaska",IF(AND(O52>0,F52-H52*N52+K52+M52<0),"Rupa nakon 2. dolaska",IF(P52<POSTAVKE!$B$6,"Količina nije dovoljna",IF(I52>=POSTAVKE!$B$6,"Sve u redu","Stiže na vrijeme"))))))) -> Rupa za ~2.1 mj. | S52: =IFERROR(INDEX(PODACI_PRODAJA!B:B,MATCH($A52,PODACI_PRODAJA!$A:$A,0)),0) -> 29 | T52: =IFERROR(INDEX(PODACI_PRODAJA!C:C,MATCH($A52,PODACI_PRODAJA!$A:$A,0)),0) -> 124 | U52: =IFERROR(INDEX(PODACI_PRODAJA!D:D,MATCH($A52,PODACI_PRODAJA!$A:$A,0)),0) -> 81 | V52: =IFERROR(INDEX(PODACI_PRODAJA!E:E,MATCH($A52,PODACI_PRODAJA!$A:$A,0)),0) -> 84 | W52: =IFERROR(INDEX(PODACI_PRODAJA!F:F,MATCH($A52,PODACI_PRODAJA!$A:$A,0)),0) -> 98 | X52: =IFERROR(INDEX(PODACI_PRODAJA!G:G,MATCH($A52,PODACI_PRODAJA!$A:$A,0)),0) -> 115 | Y52: =IFERROR(INDEX(PODACI_PRODAJA!H:H,MATCH($A52,PODACI_PRODAJA!$A:$A,0)),0) -> 40 | Z52: =IFERROR(INDEX(PODACI_PRODAJA!I:I,MATCH($A52,PODACI_PRODAJA!$A:$A,0)),0) -> 30 | AA52: =IFERROR(INDEX(PODACI_PRODAJA!J:J,MATCH($A52,PODACI_PRODAJA!$A:$A,0)),0) -> 7 | AB52: =IFERROR(INDEX(PODACI_PRODAJA!K:K,MATCH($A52,PODACI_PRODAJA!$A:$A,0)),0) -> 0 | AC52: =IFERROR(INDEX(PODACI_PRODAJA!L:L,MATCH($A52,PODACI_PRODAJA!$A:$A,0)),0) -> 0 | AD52: =IFERROR(INDEX(PODACI_PRODAJA!M:M,MATCH($A52,PODACI_PRODAJA!$A:$A,0)),0) -> 0
A53: =PODACI_ZALIHE!A50 -> 16855 | B53: =PODACI_ZALIHE!B50 -> MOHO WC MONOBLOK ZIDNI ODVOD 665x375x725 mm | C53: =PODACI_ZALIHE!C50 -> 0 | D53: =PODACI_ZALIHE!D50 -> 0 | E53: =IF(PODACI_ZALIHE!E50="","",PODACI_ZALIHE!E50) -> 161 | F53: =PODACI_ZALIHE!F50 -> 161 | G53: =IF(E53="","",E53-F53) -> 0 | H53: =PODACI_PRODAJA!N14 -> 26 | I53: =IF(H53<=0,999,ROUND(F53/H53,1)) -> 6.2 | J53: =SUMIFS(ROBA_U_DOLASKU!$C$6:$C$95,ROBA_U_DOLASKU!$A$6:$A$95,A53,ROBA_U_DOLASKU!$H$6:$H$95,1) -> 0 | K53: =SUMIFS(ROBA_U_DOLASKU!$B$6:$B$95,ROBA_U_DOLASKU!$A$6:$A$95,A53,ROBA_U_DOLASKU!$H$6:$H$95,1) -> 0 | L53: =SUMIFS(ROBA_U_DOLASKU!$C$6:$C$95,ROBA_U_DOLASKU!$A$6:$A$95,A53,ROBA_U_DOLASKU!$H$6:$H$95,2) -> 0 | M53: =SUMIFS(ROBA_U_DOLASKU!$B$6:$B$95,ROBA_U_DOLASKU!$A$6:$A$95,A53,ROBA_U_DOLASKU!$H$6:$H$95,2) -> 0 | N53: =SUMIFS(ROBA_U_DOLASKU!$C$6:$C$95,ROBA_U_DOLASKU!$A$6:$A$95,A53,ROBA_U_DOLASKU!$H$6:$H$95,3) -> 0 | O53: =SUMIFS(ROBA_U_DOLASKU!$B$6:$B$95,ROBA_U_DOLASKU!$A$6:$A$95,A53,ROBA_U_DOLASKU!$H$6:$H$95,3) -> 0 | P53: =IF(H53<=0,999,IF(O53>0,ROUND((F53-H53*N53+K53+M53+O53)/H53,1),IF(M53>0,ROUND((F53-H53*L53+K53+M53)/H53,1),IF(K53>0,ROUND((F53-H53*J53+K53)/H53,1),I53)))) -> 6.2 | Q53: =IF(H53<=0,"Nema prodaje",IF(AND(K53=0,M53=0,O53=0),IF(I53<POSTAVKE!$B$6,"Naruči odmah","Sve u redu"),IF(F53-H53*J53<0,"Rupa za ~"&TEXT(I53,"0.0")&" mj.",IF(AND(M53>0,F53-H53*L53+K53<0),"Rupa nakon 1. dolaska",IF(AND(O53>0,F53-H53*N53+K53+M53<0),"Rupa nakon 2. dolaska",IF(P53<POSTAVKE!$B$6,"Količina nije dovoljna",IF(I53>=POSTAVKE!$B$6,"Sve u redu","Stiže na vrijeme"))))))) -> Sve u redu | S53: =IFERROR(INDEX(PODACI_PRODAJA!B:B,MATCH($A53,PODACI_PRODAJA!$A:$A,0)),0) -> 60 | T53: =IFERROR(INDEX(PODACI_PRODAJA!C:C,MATCH($A53,PODACI_PRODAJA!$A:$A,0)),0) -> 6 | U53: =IFERROR(INDEX(PODACI_PRODAJA!D:D,MATCH($A53,PODACI_PRODAJA!$A:$A,0)),0) -> 30 | V53: =IFERROR(INDEX(PODACI_PRODAJA!E:E,MATCH($A53,PODACI_PRODAJA!$A:$A,0)),0) -> 53 | W53: =IFERROR(INDEX(PODACI_PRODAJA!F:F,MATCH($A53,PODACI_PRODAJA!$A:$A,0)),0) -> 21 | X53: =IFERROR(INDEX(PODACI_PRODAJA!G:G,MATCH($A53,PODACI_PRODAJA!$A:$A,0)),0) -> 3 | Y53: =IFERROR(INDEX(PODACI_PRODAJA!H:H,MATCH($A53,PODACI_PRODAJA!$A:$A,0)),0) -> 35 | Z53: =IFERROR(INDEX(PODACI_PRODAJA!I:I,MATCH($A53,PODACI_PRODAJA!$A:$A,0)),0) -> 0 | AA53: =IFERROR(INDEX(PODACI_PRODAJA!J:J,MATCH($A53,PODACI_PRODAJA!$A:$A,0)),0) -> 0 | AB53: =IFERROR(INDEX(PODACI_PRODAJA!K:K,MATCH($A53,PODACI_PRODAJA!$A:$A,0)),0) -> 0 | AC53: =IFERROR(INDEX(PODACI_PRODAJA!L:L,MATCH($A53,PODACI_PRODAJA!$A:$A,0)),0) -> 0 | AD53: =IFERROR(INDEX(PODACI_PRODAJA!M:M,MATCH($A53,PODACI_PRODAJA!$A:$A,0)),0) -> 0
A54: =PODACI_ZALIHE!A51 -> 18241 | B54: =PODACI_ZALIHE!B51 -> GEA OGLEDALO D70 cm | C54: =PODACI_ZALIHE!C51 -> 6032 | D54: =PODACI_ZALIHE!D51 -> HANGZHOU ZIHAN MIRROR INDUSTRY CO., LTD. | E54: =IF(PODACI_ZALIHE!E51="","",PODACI_ZALIHE!E51) -> 170 | F54: =PODACI_ZALIHE!F51 -> 161 | G54: =IF(E54="","",E54-F54) -> 9 | H54: =PODACI_PRODAJA!N43 -> 9.5 | I54: =IF(H54<=0,999,ROUND(F54/H54,1)) -> 16.9 | J54: =SUMIFS(ROBA_U_DOLASKU!$C$6:$C$95,ROBA_U_DOLASKU!$A$6:$A$95,A54,ROBA_U_DOLASKU!$H$6:$H$95,1) -> 0 | K54: =SUMIFS(ROBA_U_DOLASKU!$B$6:$B$95,ROBA_U_DOLASKU!$A$6:$A$95,A54,ROBA_U_DOLASKU!$H$6:$H$95,1) -> 0 | L54: =SUMIFS(ROBA_U_DOLASKU!$C$6:$C$95,ROBA_U_DOLASKU!$A$6:$A$95,A54,ROBA_U_DOLASKU!$H$6:$H$95,2) -> 0 | M54: =SUMIFS(ROBA_U_DOLASKU!$B$6:$B$95,ROBA_U_DOLASKU!$A$6:$A$95,A54,ROBA_U_DOLASKU!$H$6:$H$95,2) -> 0 | N54: =SUMIFS(ROBA_U_DOLASKU!$C$6:$C$95,ROBA_U_DOLASKU!$A$6:$A$95,A54,ROBA_U_DOLASKU!$H$6:$H$95,3) -> 0 | O54: =SUMIFS(ROBA_U_DOLASKU!$B$6:$B$95,ROBA_U_DOLASKU!$A$6:$A$95,A54,ROBA_U_DOLASKU!$H$6:$H$95,3) -> 0 | P54: =IF(H54<=0,999,IF(O54>0,ROUND((F54-H54*N54+K54+M54+O54)/H54,1),IF(M54>0,ROUND((F54-H54*L54+K54+M54)/H54,1),IF(K54>0,ROUND((F54-H54*J54+K54)/H54,1),I54)))) -> 16.9 | Q54: =IF(H54<=0,"Nema prodaje",IF(AND(K54=0,M54=0,O54=0),IF(I54<POSTAVKE!$B$6,"Naruči odmah","Sve u redu"),IF(F54-H54*J54<0,"Rupa za ~"&TEXT(I54,"0.0")&" mj.",IF(AND(M54>0,F54-H54*L54+K54<0),"Rupa nakon 1. dolaska",IF(AND(O54>0,F54-H54*N54+K54+M54<0),"Rupa nakon 2. dolaska",IF(P54<POSTAVKE!$B$6,"Količina nije dovoljna",IF(I54>=POSTAVKE!$B$6,"Sve u redu","Stiže na vrijeme"))))))) -> Sve u redu | S54: =IFERROR(INDEX(PODACI_PRODAJA!B:B,MATCH($A54,PODACI_PRODAJA!$A:$A,0)),0) -> 21 | T54: =IFERROR(INDEX(PODACI_PRODAJA!C:C,MATCH($A54,PODACI_PRODAJA!$A:$A,0)),0) -> 1 | U54: =IFERROR(INDEX(PODACI_PRODAJA!D:D,MATCH($A54,PODACI_PRODAJA!$A:$A,0)),0) -> 48 | V54: =IFERROR(INDEX(PODACI_PRODAJA!E:E,MATCH($A54,PODACI_PRODAJA!$A:$A,0)),0) -> 6 | W54: =IFERROR(INDEX(PODACI_PRODAJA!F:F,MATCH($A54,PODACI_PRODAJA!$A:$A,0)),0) -> 0 | X54: =IFERROR(INDEX(PODACI_PRODAJA!G:G,MATCH($A54,PODACI_PRODAJA!$A:$A,0)),0) -> 0 | Y54: =IFERROR(INDEX(PODACI_PRODAJA!H:H,MATCH($A54,PODACI_PRODAJA!$A:$A,0)),0) -> 0 | Z54: =IFERROR(INDEX(PODACI_PRODAJA!I:I,MATCH($A54,PODACI_PRODAJA!$A:$A,0)),0) -> 0 | AA54: =IFERROR(INDEX(PODACI_PRODAJA!J:J,MATCH($A54,PODACI_PRODAJA!$A:$A,0)),0) -> 9 | AB54: =IFERROR(INDEX(PODACI_PRODAJA!K:K,MATCH($A54,PODACI_PRODAJA!$A:$A,0)),0) -> 0 | AC54: =IFERROR(INDEX(PODACI_PRODAJA!L:L,MATCH($A54,PODACI_PRODAJA!$A:$A,0)),0) -> 0 | AD54: =IFERROR(INDEX(PODACI_PRODAJA!M:M,MATCH($A54,PODACI_PRODAJA!$A:$A,0)),0) -> 0
A55: =PODACI_ZALIHE!A52 -> 003977 | B55: =PODACI_ZALIHE!B52 -> VERONA 3u1 SET MIJEŠALICA | C55: =PODACI_ZALIHE!C52 -> 4053 | D55: =PODACI_ZALIHE!D52 -> TAIZHOU ZHENGSHING VALVE CO .,LTD | E55: =IF(PODACI_ZALIHE!E52="","",PODACI_ZALIHE!E52) -> 157 | F55: =PODACI_ZALIHE!F52 -> 157 | G55: =IF(E55="","",E55-F55) -> 0 | H55: =PODACI_PRODAJA!N64 -> 8.13 | I55: =IF(H55<=0,999,ROUND(F55/H55,1)) -> 19.3 | J55: =SUMIFS(ROBA_U_DOLASKU!$C$6:$C$95,ROBA_U_DOLASKU!$A$6:$A$95,A55,ROBA_U_DOLASKU!$H$6:$H$95,1) -> 0 | K55: =SUMIFS(ROBA_U_DOLASKU!$B$6:$B$95,ROBA_U_DOLASKU!$A$6:$A$95,A55,ROBA_U_DOLASKU!$H$6:$H$95,1) -> 0 | L55: =SUMIFS(ROBA_U_DOLASKU!$C$6:$C$95,ROBA_U_DOLASKU!$A$6:$A$95,A55,ROBA_U_DOLASKU!$H$6:$H$95,2) -> 0 | M55: =SUMIFS(ROBA_U_DOLASKU!$B$6:$B$95,ROBA_U_DOLASKU!$A$6:$A$95,A55,ROBA_U_DOLASKU!$H$6:$H$95,2) -> 0 | N55: =SUMIFS(ROBA_U_DOLASKU!$C$6:$C$95,ROBA_U_DOLASKU!$A$6:$A$95,A55,ROBA_U_DOLASKU!$H$6:$H$95,3) -> 0 | O55: =SUMIFS(ROBA_U_DOLASKU!$B$6:$B$95,ROBA_U_DOLASKU!$A$6:$A$95,A55,ROBA_U_DOLASKU!$H$6:$H$95,3) -> 0 | P55: =IF(H55<=0,999,IF(O55>0,ROUND((F55-H55*N55+K55+M55+O55)/H55,1),IF(M55>0,ROUND((F55-H55*L55+K55+M55)/H55,1),IF(K55>0,ROUND((F55-H55*J55+K55)/H55,1),I55)))) -> 19.3 | Q55: =IF(H55<=0,"Nema prodaje",IF(AND(K55=0,M55=0,O55=0),IF(I55<POSTAVKE!$B$6,"Naruči odmah","Sve u redu"),IF(F55-H55*J55<0,"Rupa za ~"&TEXT(I55,"0.0")&" mj.",IF(AND(M55>0,F55-H55*L55+K55<0),"Rupa nakon 1. dolaska",IF(AND(O55>0,F55-H55*N55+K55+M55<0),"Rupa nakon 2. dolaska",IF(P55<POSTAVKE!$B$6,"Količina nije dovoljna",IF(I55>=POSTAVKE!$B$6,"Sve u redu","Stiže na vrijeme"))))))) -> Sve u redu | S55: =IFERROR(INDEX(PODACI_PRODAJA!B:B,MATCH($A55,PODACI_PRODAJA!$A:$A,0)),0) -> 11 | T55: =IFERROR(INDEX(PODACI_PRODAJA!C:C,MATCH($A55,PODACI_PRODAJA!$A:$A,0)),0) -> 10 | U55: =IFERROR(INDEX(PODACI_PRODAJA!D:D,MATCH($A55,PODACI_PRODAJA!$A:$A,0)),0) -> 11 | V55: =IFERROR(INDEX(PODACI_PRODAJA!E:E,MATCH($A55,PODACI_PRODAJA!$A:$A,0)),0) -> 2 | W55: =IFERROR(INDEX(PODACI_PRODAJA!F:F,MATCH($A55,PODACI_PRODAJA!$A:$A,0)),0) -> 11 | X55: =IFERROR(INDEX(PODACI_PRODAJA!G:G,MATCH($A55,PODACI_PRODAJA!$A:$A,0)),0) -> 0 | Y55: =IFERROR(INDEX(PODACI_PRODAJA!H:H,MATCH($A55,PODACI_PRODAJA!$A:$A,0)),0) -> 11 | Z55: =IFERROR(INDEX(PODACI_PRODAJA!I:I,MATCH($A55,PODACI_PRODAJA!$A:$A,0)),0) -> 9 | AA55: =IFERROR(INDEX(PODACI_PRODAJA!J:J,MATCH($A55,PODACI_PRODAJA!$A:$A,0)),0) -> 0 | AB55: =IFERROR(INDEX(PODACI_PRODAJA!K:K,MATCH($A55,PODACI_PRODAJA!$A:$A,0)),0) -> 0 | AC55: =IFERROR(INDEX(PODACI_PRODAJA!L:L,MATCH($A55,PODACI_PRODAJA!$A:$A,0)),0) -> 0 | AD55: =IFERROR(INDEX(PODACI_PRODAJA!M:M,MATCH($A55,PODACI_PRODAJA!$A:$A,0)),0) -> 0
A56: =PODACI_ZALIHE!A53 -> 17180 | B56: =PODACI_ZALIHE!B53 -> REFLECT DRŽAČ TOALETNOG PAPIRA - KROM | C56: =PODACI_ZALIHE!C53 -> 6458 | D56: =PODACI_ZALIHE!D53 -> BOJIA TRADING LIMITED | E56: =IF(PODACI_ZALIHE!E53="","",PODACI_ZALIHE!E53) -> 149 | F56: =PODACI_ZALIHE!F53 -> 149 | G56: =IF(E56="","",E56-F56) -> 0 | H56: =PODACI_PRODAJA!N597 -> 7.38 | I56: =IF(H56<=0,999,ROUND(F56/H56,1)) -> 20.2 | J56: =SUMIFS(ROBA_U_DOLASKU!$C$6:$C$95,ROBA_U_DOLASKU!$A$6:$A$95,A56,ROBA_U_DOLASKU!$H$6:$H$95,1) -> 0 | K56: =SUMIFS(ROBA_U_DOLASKU!$B$6:$B$95,ROBA_U_DOLASKU!$A$6:$A$95,A56,ROBA_U_DOLASKU!$H$6:$H$95,1) -> 0 | L56: =SUMIFS(ROBA_U_DOLASKU!$C$6:$C$95,ROBA_U_DOLASKU!$A$6:$A$95,A56,ROBA_U_DOLASKU!$H$6:$H$95,2) -> 0 | M56: =SUMIFS(ROBA_U_DOLASKU!$B$6:$B$95,ROBA_U_DOLASKU!$A$6:$A$95,A56,ROBA_U_DOLASKU!$H$6:$H$95,2) -> 0 | N56: =SUMIFS(ROBA_U_DOLASKU!$C$6:$C$95,ROBA_U_DOLASKU!$A$6:$A$95,A56,ROBA_U_DOLASKU!$H$6:$H$95,3) -> 0 | O56: =SUMIFS(ROBA_U_DOLASKU!$B$6:$B$95,ROBA_U_DOLASKU!$A$6:$A$95,A56,ROBA_U_DOLASKU!$H$6:$H$95,3) -> 0 | P56: =IF(H56<=0,999,IF(O56>0,ROUND((F56-H56*N56+K56+M56+O56)/H56,1),IF(M56>0,ROUND((F56-H56*L56+K56+M56)/H56,1),IF(K56>0,ROUND((F56-H56*J56+K56)/H56,1),I56)))) -> 20.2 | Q56: =IF(H56<=0,"Nema prodaje",IF(AND(K56=0,M56=0,O56=0),IF(I56<POSTAVKE!$B$6,"Naruči odmah","Sve u redu"),IF(F56-H56*J56<0,"Rupa za ~"&TEXT(I56,"0.0")&" mj.",IF(AND(M56>0,F56-H56*L56+K56<0),"Rupa nakon 1. dolaska",IF(AND(O56>0,F56-H56*N56+K56+M56<0),"Rupa nakon 2. dolaska",IF(P56<POSTAVKE!$B$6,"Količina nije dovoljna",IF(I56>=POSTAVKE!$B$6,"Sve u redu","Stiže na vrijeme"))))))) -> Sve u redu | S56: =IFERROR(INDEX(PODACI_PRODAJA!B:B,MATCH($A56,PODACI_PRODAJA!$A:$A,0)),0) -> 0 | T56: =IFERROR(INDEX(PODACI_PRODAJA!C:C,MATCH($A56,PODACI_PRODAJA!$A:$A,0)),0) -> 1 | U56: =IFERROR(INDEX(PODACI_PRODAJA!D:D,MATCH($A56,PODACI_PRODAJA!$A:$A,0)),0) -> 21 | V56: =IFERROR(INDEX(PODACI_PRODAJA!E:E,MATCH($A56,PODACI_PRODAJA!$A:$A,0)),0) -> 4 | W56: =IFERROR(INDEX(PODACI_PRODAJA!F:F,MATCH($A56,PODACI_PRODAJA!$A:$A,0)),0) -> 5 | X56: =IFERROR(INDEX(PODACI_PRODAJA!G:G,MATCH($A56,PODACI_PRODAJA!$A:$A,0)),0) -> 21 | Y56: =IFERROR(INDEX(PODACI_PRODAJA!H:H,MATCH($A56,PODACI_PRODAJA!$A:$A,0)),0) -> 5 | Z56: =IFERROR(INDEX(PODACI_PRODAJA!I:I,MATCH($A56,PODACI_PRODAJA!$A:$A,0)),0) -> 2 | AA56: =IFERROR(INDEX(PODACI_PRODAJA!J:J,MATCH($A56,PODACI_PRODAJA!$A:$A,0)),0) -> 0 | AB56: =IFERROR(INDEX(PODACI_PRODAJA!K:K,MATCH($A56,PODACI_PRODAJA!$A:$A,0)),0) -> 0 | AC56: =IFERROR(INDEX(PODACI_PRODAJA!L:L,MATCH($A56,PODACI_PRODAJA!$A:$A,0)),0) -> 0 | AD56: =IFERROR(INDEX(PODACI_PRODAJA!M:M,MATCH($A56,PODACI_PRODAJA!$A:$A,0)),0) -> 0
A57: =PODACI_ZALIHE!A54 -> 18245 | B57: =PODACI_ZALIHE!B54 -> ZOYA GOLD OGLEDALO R 60 cm | C57: =PODACI_ZALIHE!C54 -> 6032 | D57: =PODACI_ZALIHE!D54 -> HANGZHOU ZIHAN MIRROR INDUSTRY CO., LTD. | E57: =IF(PODACI_ZALIHE!E54="","",PODACI_ZALIHE!E54) -> 147 | F57: =PODACI_ZALIHE!F54 -> 146 | G57: =IF(E57="","",E57-F57) -> 1 | H57: =PODACI_PRODAJA!N62 -> 11.25 | I57: =IF(H57<=0,999,ROUND(F57/H57,1)) -> 13 | J57: =SUMIFS(ROBA_U_DOLASKU!$C$6:$C$95,ROBA_U_DOLASKU!$A$6:$A$95,A57,ROBA_U_DOLASKU!$H$6:$H$95,1) -> 0 | K57: =SUMIFS(ROBA_U_DOLASKU!$B$6:$B$95,ROBA_U_DOLASKU!$A$6:$A$95,A57,ROBA_U_DOLASKU!$H$6:$H$95,1) -> 0 | L57: =SUMIFS(ROBA_U_DOLASKU!$C$6:$C$95,ROBA_U_DOLASKU!$A$6:$A$95,A57,ROBA_U_DOLASKU!$H$6:$H$95,2) -> 0 | M57: =SUMIFS(ROBA_U_DOLASKU!$B$6:$B$95,ROBA_U_DOLASKU!$A$6:$A$95,A57,ROBA_U_DOLASKU!$H$6:$H$95,2) -> 0 | N57: =SUMIFS(ROBA_U_DOLASKU!$C$6:$C$95,ROBA_U_DOLASKU!$A$6:$A$95,A57,ROBA_U_DOLASKU!$H$6:$H$95,3) -> 0 | O57: =SUMIFS(ROBA_U_DOLASKU!$B$6:$B$95,ROBA_U_DOLASKU!$A$6:$A$95,A57,ROBA_U_DOLASKU!$H$6:$H$95,3) -> 0 | P57: =IF(H57<=0,999,IF(O57>0,ROUND((F57-H57*N57+K57+M57+O57)/H57,1),IF(M57>0,ROUND((F57-H57*L57+K57+M57)/H57,1),IF(K57>0,ROUND((F57-H57*J57+K57)/H57,1),I57)))) -> 13 | Q57: =IF(H57<=0,"Nema prodaje",IF(AND(K57=0,M57=0,O57=0),IF(I57<POSTAVKE!$B$6,"Naruči odmah","Sve u redu"),IF(F57-H57*J57<0,"Rupa za ~"&TEXT(I57,"0.0")&" mj.",IF(AND(M57>0,F57-H57*L57+K57<0),"Rupa nakon 1. dolaska",IF(AND(O57>0,F57-H57*N57+K57+M57<0),"Rupa nakon 2. dolaska",IF(P57<POSTAVKE!$B$6,"Količina nije dovoljna",IF(I57>=POSTAVKE!$B$6,"Sve u redu","Stiže na vrijeme"))))))) -> Sve u redu | S57: =IFERROR(INDEX(PODACI_PRODAJA!B:B,MATCH($A57,PODACI_PRODAJA!$A:$A,0)),0) -> 12 | T57: =IFERROR(INDEX(PODACI_PRODAJA!C:C,MATCH($A57,PODACI_PRODAJA!$A:$A,0)),0) -> 6 | U57: =IFERROR(INDEX(PODACI_PRODAJA!D:D,MATCH($A57,PODACI_PRODAJA!$A:$A,0)),0) -> 17 | V57: =IFERROR(INDEX(PODACI_PRODAJA!E:E,MATCH($A57,PODACI_PRODAJA!$A:$A,0)),0) -> 15 | W57: =IFERROR(INDEX(PODACI_PRODAJA!F:F,MATCH($A57,PODACI_PRODAJA!$A:$A,0)),0) -> 11 | X57: =IFERROR(INDEX(PODACI_PRODAJA!G:G,MATCH($A57,PODACI_PRODAJA!$A:$A,0)),0) -> 4 | Y57: =IFERROR(INDEX(PODACI_PRODAJA!H:H,MATCH($A57,PODACI_PRODAJA!$A:$A,0)),0) -> 11 | Z57: =IFERROR(INDEX(PODACI_PRODAJA!I:I,MATCH($A57,PODACI_PRODAJA!$A:$A,0)),0) -> 14 | AA57: =IFERROR(INDEX(PODACI_PRODAJA!J:J,MATCH($A57,PODACI_PRODAJA!$A:$A,0)),0) -> 0 | AB57: =IFERROR(INDEX(PODACI_PRODAJA!K:K,MATCH($A57,PODACI_PRODAJA!$A:$A,0)),0) -> 0 | AC57: =IFERROR(INDEX(PODACI_PRODAJA!L:L,MATCH($A57,PODACI_PRODAJA!$A:$A,0)),0) -> 0 | AD57: =IFERROR(INDEX(PODACI_PRODAJA!M:M,MATCH($A57,PODACI_PRODAJA!$A:$A,0)),0) -> 0
A58: =PODACI_ZALIHE!A55 -> 088941 | B58: =PODACI_ZALIHE!B55 -> PILETA UNIVERZALNA CRNA 5/4 | C58: =PODACI_ZALIHE!C55 -> 0 | D58: =PODACI_ZALIHE!D55 -> 0 | E58: =IF(PODACI_ZALIHE!E55="","",PODACI_ZALIHE!E55) -> 142 | F58: =PODACI_ZALIHE!F55 -> 142 | G58: =IF(E58="","",E58-F58) -> 0 | H58: =PODACI_PRODAJA!N99 -> 20.63 | I58: =IF(H58<=0,999,ROUND(F58/H58,1)) -> 6.9 | J58: =SUMIFS(ROBA_U_DOLASKU!$C$6:$C$95,ROBA_U_DOLASKU!$A$6:$A$95,A58,ROBA_U_DOLASKU!$H$6:$H$95,1) -> 0 | K58: =SUMIFS(ROBA_U_DOLASKU!$B$6:$B$95,ROBA_U_DOLASKU!$A$6:$A$95,A58,ROBA_U_DOLASKU!$H$6:$H$95,1) -> 0 | L58: =SUMIFS(ROBA_U_DOLASKU!$C$6:$C$95,ROBA_U_DOLASKU!$A$6:$A$95,A58,ROBA_U_DOLASKU!$H$6:$H$95,2) -> 0 | M58: =SUMIFS(ROBA_U_DOLASKU!$B$6:$B$95,ROBA_U_DOLASKU!$A$6:$A$95,A58,ROBA_U_DOLASKU!$H$6:$H$95,2) -> 0 | N58: =SUMIFS(ROBA_U_DOLASKU!$C$6:$C$95,ROBA_U_DOLASKU!$A$6:$A$95,A58,ROBA_U_DOLASKU!$H$6:$H$95,3) -> 0 | O58: =SUMIFS(ROBA_U_DOLASKU!$B$6:$B$95,ROBA_U_DOLASKU!$A$6:$A$95,A58,ROBA_U_DOLASKU!$H$6:$H$95,3) -> 0 | P58: =IF(H58<=0,999,IF(O58>0,ROUND((F58-H58*N58+K58+M58+O58)/H58,1),IF(M58>0,ROUND((F58-H58*L58+K58+M58)/H58,1),IF(K58>0,ROUND((F58-H58*J58+K58)/H58,1),I58)))) -> 6.9 | Q58: =IF(H58<=0,"Nema prodaje",IF(AND(K58=0,M58=0,O58=0),IF(I58<POSTAVKE!$B$6,"Naruči odmah","Sve u redu"),IF(F58-H58*J58<0,"Rupa za ~"&TEXT(I58,"0.0")&" mj.",IF(AND(M58>0,F58-H58*L58+K58<0),"Rupa nakon 1. dolaska",IF(AND(O58>0,F58-H58*N58+K58+M58<0),"Rupa nakon 2. dolaska",IF(P58<POSTAVKE!$B$6,"Količina nije dovoljna",IF(I58>=POSTAVKE!$B$6,"Sve u redu","Stiže na vrijeme"))))))) -> Sve u redu | S58: =IFERROR(INDEX(PODACI_PRODAJA!B:B,MATCH($A58,PODACI_PRODAJA!$A:$A,0)),0) -> 6 | T58: =IFERROR(INDEX(PODACI_PRODAJA!C:C,MATCH($A58,PODACI_PRODAJA!$A:$A,0)),0) -> 3 | U58: =IFERROR(INDEX(PODACI_PRODAJA!D:D,MATCH($A58,PODACI_PRODAJA!$A:$A,0)),0) -> 24 | V58: =IFERROR(INDEX(PODACI_PRODAJA!E:E,MATCH($A58,PODACI_PRODAJA!$A:$A,0)),0) -> 23 | W58: =IFERROR(INDEX(PODACI_PRODAJA!F:F,MATCH($A58,PODACI_PRODAJA!$A:$A,0)),0) -> 51 | X58: =IFERROR(INDEX(PODACI_PRODAJA!G:G,MATCH($A58,PODACI_PRODAJA!$A:$A,0)),0) -> 6 | Y58: =IFERROR(INDEX(PODACI_PRODAJA!H:H,MATCH($A58,PODACI_PRODAJA!$A:$A,0)),0) -> 14 | Z58: =IFERROR(INDEX(PODACI_PRODAJA!I:I,MATCH($A58,PODACI_PRODAJA!$A:$A,0)),0) -> 38 | AA58: =IFERROR(INDEX(PODACI_PRODAJA!J:J,MATCH($A58,PODACI_PRODAJA!$A:$A,0)),0) -> 0 | AB58: =IFERROR(INDEX(PODACI_PRODAJA!K:K,MATCH($A58,PODACI_PRODAJA!$A:$A,0)),0) -> 0 | AC58: =IFERROR(INDEX(PODACI_PRODAJA!L:L,MATCH($A58,PODACI_PRODAJA!$A:$A,0)),0) -> 0 | AD58: =IFERROR(INDEX(PODACI_PRODAJA!M:M,MATCH($A58,PODACI_PRODAJA!$A:$A,0)),0) -> 0
A59: =PODACI_ZALIHE!A56 -> 17192 | B59: =PODACI_ZALIHE!B56 -> QUADRA VISEĆA ŠKOLJKA S DASKOM RIMLESS 510x350x360 mm | C59: =PODACI_ZALIHE!C56 -> 0 | D59: =PODACI_ZALIHE!D56 -> 0 | E59: =IF(PODACI_ZALIHE!E56="","",PODACI_ZALIHE!E56) -> 141 | F59: =PODACI_ZALIHE!F56 -> 141 | G59: =IF(E59="","",E59-F59) -> 0 | H59: =PODACI_PRODAJA!N211 -> 1.5 | I59: =IF(H59<=0,999,ROUND(F59/H59,1)) -> 94 | J59: =SUMIFS(ROBA_U_DOLASKU!$C$6:$C$95,ROBA_U_DOLASKU!$A$6:$A$95,A59,ROBA_U_DOLASKU!$H$6:$H$95,1) -> 0 | K59: =SUMIFS(ROBA_U_DOLASKU!$B$6:$B$95,ROBA_U_DOLASKU!$A$6:$A$95,A59,ROBA_U_DOLASKU!$H$6:$H$95,1) -> 0 | L59: =SUMIFS(ROBA_U_DOLASKU!$C$6:$C$95,ROBA_U_DOLASKU!$A$6:$A$95,A59,ROBA_U_DOLASKU!$H$6:$H$95,2) -> 0 | M59: =SUMIFS(ROBA_U_DOLASKU!$B$6:$B$95,ROBA_U_DOLASKU!$A$6:$A$95,A59,ROBA_U_DOLASKU!$H$6:$H$95,2) -> 0 | N59: =SUMIFS(ROBA_U_DOLASKU!$C$6:$C$95,ROBA_U_DOLASKU!$A$6:$A$95,A59,ROBA_U_DOLASKU!$H$6:$H$95,3) -> 0 | O59: =SUMIFS(ROBA_U_DOLASKU!$B$6:$B$95,ROBA_U_DOLASKU!$A$6:$A$95,A59,ROBA_U_DOLASKU!$H$6:$H$95,3) -> 0 | P59: =IF(H59<=0,999,IF(O59>0,ROUND((F59-H59*N59+K59+M59+O59)/H59,1),IF(M59>0,ROUND((F59-H59*L59+K59+M59)/H59,1),IF(K59>0,ROUND((F59-H59*J59+K59)/H59,1),I59)))) -> 94 | Q59: =IF(H59<=0,"Nema prodaje",IF(AND(K59=0,M59=0,O59=0),IF(I59<POSTAVKE!$B$6,"Naruči odmah","Sve u redu"),IF(F59-H59*J59<0,"Rupa za ~"&TEXT(I59,"0.0")&" mj.",IF(AND(M59>0,F59-H59*L59+K59<0),"Rupa nakon 1. dolaska",IF(AND(O59>0,F59-H59*N59+K59+M59<0),"Rupa nakon 2. dolaska",IF(P59<POSTAVKE!$B$6,"Količina nije dovoljna",IF(I59>=POSTAVKE!$B$6,"Sve u redu","Stiže na vrijeme"))))))) -> Sve u redu | S59: =IFERROR(INDEX(PODACI_PRODAJA!B:B,MATCH($A59,PODACI_PRODAJA!$A:$A,0)),0) -> 2 | T59: =IFERROR(INDEX(PODACI_PRODAJA!C:C,MATCH($A59,PODACI_PRODAJA!$A:$A,0)),0) -> 4 | U59: =IFERROR(INDEX(PODACI_PRODAJA!D:D,MATCH($A59,PODACI_PRODAJA!$A:$A,0)),0) -> 2 | V59: =IFERROR(INDEX(PODACI_PRODAJA!E:E,MATCH($A59,PODACI_PRODAJA!$A:$A,0)),0) -> 2 | W59: =IFERROR(INDEX(PODACI_PRODAJA!F:F,MATCH($A59,PODACI_PRODAJA!$A:$A,0)),0) -> 1 | X59: =IFERROR(INDEX(PODACI_PRODAJA!G:G,MATCH($A59,PODACI_PRODAJA!$A:$A,0)),0) -> 0 | Y59: =IFERROR(INDEX(PODACI_PRODAJA!H:H,MATCH($A59,PODACI_PRODAJA!$A:$A,0)),0) -> 1 | Z59: =IFERROR(INDEX(PODACI_PRODAJA!I:I,MATCH($A59,PODACI_PRODAJA!$A:$A,0)),0) -> 0 | AA59: =IFERROR(INDEX(PODACI_PRODAJA!J:J,MATCH($A59,PODACI_PRODAJA!$A:$A,0)),0) -> 0 | AB59: =IFERROR(INDEX(PODACI_PRODAJA!K:K,MATCH($A59,PODACI_PRODAJA!$A:$A,0)),0) -> 0 | AC59: =IFERROR(INDEX(PODACI_PRODAJA!L:L,MATCH($A59,PODACI_PRODAJA!$A:$A,0)),0) -> 0 | AD59: =IFERROR(INDEX(PODACI_PRODAJA!M:M,MATCH($A59,PODACI_PRODAJA!$A:$A,0)),0) -> 0
A60: =PODACI_ZALIHE!A57 -> 042127C | B60: =PODACI_ZALIHE!B57 -> SHINE C DIA 60 cm LED OGLEDALO SA SENZOROM POKRETA | C60: =PODACI_ZALIHE!C57 -> 6032 | D60: =PODACI_ZALIHE!D57 -> HANGZHOU ZIHAN MIRROR INDUSTRY CO., LTD. | E60: =IF(PODACI_ZALIHE!E57="","",PODACI_ZALIHE!E57) -> 142 | F60: =PODACI_ZALIHE!F57 -> 140 | G60: =IF(E60="","",E60-F60) -> 2 | H60: =PODACI_PRODAJA!N82 -> 10.75 | I60: =IF(H60<=0,999,ROUND(F60/H60,1)) -> 13 | J60: =SUMIFS(ROBA_U_DOLASKU!$C$6:$C$95,ROBA_U_DOLASKU!$A$6:$A$95,A60,ROBA_U_DOLASKU!$H$6:$H$95,1) -> 0 | K60: =SUMIFS(ROBA_U_DOLASKU!$B$6:$B$95,ROBA_U_DOLASKU!$A$6:$A$95,A60,ROBA_U_DOLASKU!$H$6:$H$95,1) -> 0 | L60: =SUMIFS(ROBA_U_DOLASKU!$C$6:$C$95,ROBA_U_DOLASKU!$A$6:$A$95,A60,ROBA_U_DOLASKU!$H$6:$H$95,2) -> 0 | M60: =SUMIFS(ROBA_U_DOLASKU!$B$6:$B$95,ROBA_U_DOLASKU!$A$6:$A$95,A60,ROBA_U_DOLASKU!$H$6:$H$95,2) -> 0 | N60: =SUMIFS(ROBA_U_DOLASKU!$C$6:$C$95,ROBA_U_DOLASKU!$A$6:$A$95,A60,ROBA_U_DOLASKU!$H$6:$H$95,3) -> 0 | O60: =SUMIFS(ROBA_U_DOLASKU!$B$6:$B$95,ROBA_U_DOLASKU!$A$6:$A$95,A60,ROBA_U_DOLASKU!$H$6:$H$95,3) -> 0 | P60: =IF(H60<=0,999,IF(O60>0,ROUND((F60-H60*N60+K60+M60+O60)/H60,1),IF(M60>0,ROUND((F60-H60*L60+K60+M60)/H60,1),IF(K60>0,ROUND((F60-H60*J60+K60)/H60,1),I60)))) -> 13 | Q60: =IF(H60<=0,"Nema prodaje",IF(AND(K60=0,M60=0,O60=0),IF(I60<POSTAVKE!$B$6,"Naruči odmah","Sve u redu"),IF(F60-H60*J60<0,"Rupa za ~"&TEXT(I60,"0.0")&" mj.",IF(AND(M60>0,F60-H60*L60+K60<0),"Rupa nakon 1. dolaska",IF(AND(O60>0,F60-H60*N60+K60+M60<0),"Rupa nakon 2. dolaska",IF(P60<POSTAVKE!$B$6,"Količina nije dovoljna",IF(I60>=POSTAVKE!$B$6,"Sve u redu","Stiže na vrijeme"))))))) -> Sve u redu | S60: =IFERROR(INDEX(PODACI_PRODAJA!B:B,MATCH($A60,PODACI_PRODAJA!$A:$A,0)),0) -> 8 | T60: =IFERROR(INDEX(PODACI_PRODAJA!C:C,MATCH($A60,PODACI_PRODAJA!$A:$A,0)),0) -> 12 | U60: =IFERROR(INDEX(PODACI_PRODAJA!D:D,MATCH($A60,PODACI_PRODAJA!$A:$A,0)),0) -> 11 | V60: =IFERROR(INDEX(PODACI_PRODAJA!E:E,MATCH($A60,PODACI_PRODAJA!$A:$A,0)),0) -> 13 | W60: =IFERROR(INDEX(PODACI_PRODAJA!F:F,MATCH($A60,PODACI_PRODAJA!$A:$A,0)),0) -> 10 | X60: =IFERROR(INDEX(PODACI_PRODAJA!G:G,MATCH($A60,PODACI_PRODAJA!$A:$A,0)),0) -> 4 | Y60: =IFERROR(INDEX(PODACI_PRODAJA!H:H,MATCH($A60,PODACI_PRODAJA!$A:$A,0)),0) -> 21 | Z60: =IFERROR(INDEX(PODACI_PRODAJA!I:I,MATCH($A60,PODACI_PRODAJA!$A:$A,0)),0) -> 7 | AA60: =IFERROR(INDEX(PODACI_PRODAJA!J:J,MATCH($A60,PODACI_PRODAJA!$A:$A,0)),0) -> 2 | AB60: =IFERROR(INDEX(PODACI_PRODAJA!K:K,MATCH($A60,PODACI_PRODAJA!$A:$A,0)),0) -> 0 | AC60: =IFERROR(INDEX(PODACI_PRODAJA!L:L,MATCH($A60,PODACI_PRODAJA!$A:$A,0)),0) -> 0 | AD60: =IFERROR(INDEX(PODACI_PRODAJA!M:M,MATCH($A60,PODACI_PRODAJA!$A:$A,0)),0) -> 0
A61: =PODACI_ZALIHE!A58 -> 18732 | B61: =PODACI_ZALIHE!B58 -> MONDO L VISEĆA ŠKOLJKA S DASKOM - VORTEX 520x360x350 mm | C61: =PODACI_ZALIHE!C58 -> 7080 | D61: =PODACI_ZALIHE!D58 -> TANGSHAN KARCENT CERAMIC CO.,LTD | E61: =IF(PODACI_ZALIHE!E58="","",PODACI_ZALIHE!E58) -> 137 | F61: =PODACI_ZALIHE!F58 -> 137 | G61: =IF(E61="","",E61-F61) -> 0 | H61: =PODACI_PRODAJA!N700 -> 46.5 | I61: =IF(H61<=0,999,ROUND(F61/H61,1)) -> 2.9 | J61: =SUMIFS(ROBA_U_DOLASKU!$C$6:$C$95,ROBA_U_DOLASKU!$A$6:$A$95,A61,ROBA_U_DOLASKU!$H$6:$H$95,1) -> 0 | K61: =SUMIFS(ROBA_U_DOLASKU!$B$6:$B$95,ROBA_U_DOLASKU!$A$6:$A$95,A61,ROBA_U_DOLASKU!$H$6:$H$95,1) -> 0 | L61: =SUMIFS(ROBA_U_DOLASKU!$C$6:$C$95,ROBA_U_DOLASKU!$A$6:$A$95,A61,ROBA_U_DOLASKU!$H$6:$H$95,2) -> 0 | M61: =SUMIFS(ROBA_U_DOLASKU!$B$6:$B$95,ROBA_U_DOLASKU!$A$6:$A$95,A61,ROBA_U_DOLASKU!$H$6:$H$95,2) -> 0 | N61: =SUMIFS(ROBA_U_DOLASKU!$C$6:$C$95,ROBA_U_DOLASKU!$A$6:$A$95,A61,ROBA_U_DOLASKU!$H$6:$H$95,3) -> 0 | O61: =SUMIFS(ROBA_U_DOLASKU!$B$6:$B$95,ROBA_U_DOLASKU!$A$6:$A$95,A61,ROBA_U_DOLASKU!$H$6:$H$95,3) -> 0 | P61: =IF(H61<=0,999,IF(O61>0,ROUND((F61-H61*N61+K61+M61+O61)/H61,1),IF(M61>0,ROUND((F61-H61*L61+K61+M61)/H61,1),IF(K61>0,ROUND((F61-H61*J61+K61)/H61,1),I61)))) -> 2.9 | Q61: =IF(H61<=0,"Nema prodaje",IF(AND(K61=0,M61=0,O61=0),IF(I61<POSTAVKE!$B$6,"Naruči odmah","Sve u redu"),IF(F61-H61*J61<0,"Rupa za ~"&TEXT(I61,"0.0")&" mj.",IF(AND(M61>0,F61-H61*L61+K61<0),"Rupa nakon 1. dolaska",IF(AND(O61>0,F61-H61*N61+K61+M61<0),"Rupa nakon 2. dolaska",IF(P61<POSTAVKE!$B$6,"Količina nije dovoljna",IF(I61>=POSTAVKE!$B$6,"Sve u redu","Stiže na vrijeme"))))))) -> Naruči odmah | S61: =IFERROR(INDEX(PODACI_PRODAJA!B:B,MATCH($A61,PODACI_PRODAJA!$A:$A,0)),0) -> 0 | T61: =IFERROR(INDEX(PODACI_PRODAJA!C:C,MATCH($A61,PODACI_PRODAJA!$A:$A,0)),0) -> 0 | U61: =IFERROR(INDEX(PODACI_PRODAJA!D:D,MATCH($A61,PODACI_PRODAJA!$A:$A,0)),0) -> 0 | V61: =IFERROR(INDEX(PODACI_PRODAJA!E:E,MATCH($A61,PODACI_PRODAJA!$A:$A,0)),0) -> 13 | W61: =IFERROR(INDEX(PODACI_PRODAJA!F:F,MATCH($A61,PODACI_PRODAJA!$A:$A,0)),0) -> 24 | X61: =IFERROR(INDEX(PODACI_PRODAJA!G:G,MATCH($A61,PODACI_PRODAJA!$A:$A,0)),0) -> 21 | Y61: =IFERROR(INDEX(PODACI_PRODAJA!H:H,MATCH($A61,PODACI_PRODAJA!$A:$A,0)),0) -> 125 | Z61: =IFERROR(INDEX(PODACI_PRODAJA!I:I,MATCH($A61,PODACI_PRODAJA!$A:$A,0)),0) -> 189 | AA61: =IFERROR(INDEX(PODACI_PRODAJA!J:J,MATCH($A61,PODACI_PRODAJA!$A:$A,0)),0) -> 0 | AB61: =IFERROR(INDEX(PODACI_PRODAJA!K:K,MATCH($A61,PODACI_PRODAJA!$A:$A,0)),0) -> 0 | AC61: =IFERROR(INDEX(PODACI_PRODAJA!L:L,MATCH($A61,PODACI_PRODAJA!$A:$A,0)),0) -> 0 | AD61: =IFERROR(INDEX(PODACI_PRODAJA!M:M,MATCH($A61,PODACI_PRODAJA!$A:$A,0)),0) -> 0
A62: =PODACI_ZALIHE!A59 -> 002337 | B62: =PODACI_ZALIHE!B59 -> ESSEN MIJEŠALICA ZA KADU | C62: =PODACI_ZALIHE!C59 -> 6022 | D62: =PODACI_ZALIHE!D59 -> RUIAN HAIBA SANITARY CO.,LTD | E62: =IF(PODACI_ZALIHE!E59="","",PODACI_ZALIHE!E59) -> 133 | F62: =PODACI_ZALIHE!F59 -> 133 | G62: =IF(E62="","",E62-F62) -> 0 | H62: =PODACI_PRODAJA!N94 -> 10.25 | I62: =IF(H62<=0,999,ROUND(F62/H62,1)) -> 13 | J62: =SUMIFS(ROBA_U_DOLASKU!$C$6:$C$95,ROBA_U_DOLASKU!$A$6:$A$95,A62,ROBA_U_DOLASKU!$H$6:$H$95,1) -> 0 | K62: =SUMIFS(ROBA_U_DOLASKU!$B$6:$B$95,ROBA_U_DOLASKU!$A$6:$A$95,A62,ROBA_U_DOLASKU!$H$6:$H$95,1) -> 0 | L62: =SUMIFS(ROBA_U_DOLASKU!$C$6:$C$95,ROBA_U_DOLASKU!$A$6:$A$95,A62,ROBA_U_DOLASKU!$H$6:$H$95,2) -> 0 | M62: =SUMIFS(ROBA_U_DOLASKU!$B$6:$B$95,ROBA_U_DOLASKU!$A$6:$A$95,A62,ROBA_U_DOLASKU!$H$6:$H$95,2) -> 0 | N62: =SUMIFS(ROBA_U_DOLASKU!$C$6:$C$95,ROBA_U_DOLASKU!$A$6:$A$95,A62,ROBA_U_DOLASKU!$H$6:$H$95,3) -> 0 | O62: =SUMIFS(ROBA_U_DOLASKU!$B$6:$B$95,ROBA_U_DOLASKU!$A$6:$A$95,A62,ROBA_U_DOLASKU!$H$6:$H$95,3) -> 0 | P62: =IF(H62<=0,999,IF(O62>0,ROUND((F62-H62*N62+K62+M62+O62)/H62,1),IF(M62>0,ROUND((F62-H62*L62+K62+M62)/H62,1),IF(K62>0,ROUND((F62-H62*J62+K62)/H62,1),I62)))) -> 13 | Q62: =IF(H62<=0,"Nema prodaje",IF(AND(K62=0,M62=0,O62=0),IF(I62<POSTAVKE!$B$6,"Naruči odmah","Sve u redu"),IF(F62-H62*J62<0,"Rupa za ~"&TEXT(I62,"0.0")&" mj.",IF(AND(M62>0,F62-H62*L62+K62<0),"Rupa nakon 1. dolaska",IF(AND(O62>0,F62-H62*N62+K62+M62<0),"Rupa nakon 2. dolaska",IF(P62<POSTAVKE!$B$6,"Količina nije dovoljna",IF(I62>=POSTAVKE!$B$6,"Sve u redu","Stiže na vrijeme"))))))) -> Sve u redu | S62: =IFERROR(INDEX(PODACI_PRODAJA!B:B,MATCH($A62,PODACI_PRODAJA!$A:$A,0)),0) -> 6 | T62: =IFERROR(INDEX(PODACI_PRODAJA!C:C,MATCH($A62,PODACI_PRODAJA!$A:$A,0)),0) -> 12 | U62: =IFERROR(INDEX(PODACI_PRODAJA!D:D,MATCH($A62,PODACI_PRODAJA!$A:$A,0)),0) -> 9 | V62: =IFERROR(INDEX(PODACI_PRODAJA!E:E,MATCH($A62,PODACI_PRODAJA!$A:$A,0)),0) -> 12 | W62: =IFERROR(INDEX(PODACI_PRODAJA!F:F,MATCH($A62,PODACI_PRODAJA!$A:$A,0)),0) -> 15 | X62: =IFERROR(INDEX(PODACI_PRODAJA!G:G,MATCH($A62,PODACI_PRODAJA!$A:$A,0)),0) -> 9 | Y62: =IFERROR(INDEX(PODACI_PRODAJA!H:H,MATCH($A62,PODACI_PRODAJA!$A:$A,0)),0) -> 11 | Z62: =IFERROR(INDEX(PODACI_PRODAJA!I:I,MATCH($A62,PODACI_PRODAJA!$A:$A,0)),0) -> 8 | AA62: =IFERROR(INDEX(PODACI_PRODAJA!J:J,MATCH($A62,PODACI_PRODAJA!$A:$A,0)),0) -> 0 | AB62: =IFERROR(INDEX(PODACI_PRODAJA!K:K,MATCH($A62,PODACI_PRODAJA!$A:$A,0)),0) -> 0 | AC62: =IFERROR(INDEX(PODACI_PRODAJA!L:L,MATCH($A62,PODACI_PRODAJA!$A:$A,0)),0) -> 0 | AD62: =IFERROR(INDEX(PODACI_PRODAJA!M:M,MATCH($A62,PODACI_PRODAJA!$A:$A,0)),0) -> 0
A63: =PODACI_ZALIHE!A60 -> 002499 | B63: =PODACI_ZALIHE!B60 -> PILETA 5/4 CLICKCLACK BEZ PRELJEVA | C63: =PODACI_ZALIHE!C60 -> 5808 | D63: =PODACI_ZALIHE!D60 -> TAIZHOU NIXI IMPORT & EXPORT CO., LTD. | E63: =IF(PODACI_ZALIHE!E60="","",PODACI_ZALIHE!E60) -> 209 | F63: =PODACI_ZALIHE!F60 -> 133 | G63: =IF(E63="","",E63-F63) -> 76 | H63: =PODACI_PRODAJA!N7 -> 112.13 | I63: =IF(H63<=0,999,ROUND(F63/H63,1)) -> 1.2 | J63: =SUMIFS(ROBA_U_DOLASKU!$C$6:$C$95,ROBA_U_DOLASKU!$A$6:$A$95,A63,ROBA_U_DOLASKU!$H$6:$H$95,1) -> 0 | K63: =SUMIFS(ROBA_U_DOLASKU!$B$6:$B$95,ROBA_U_DOLASKU!$A$6:$A$95,A63,ROBA_U_DOLASKU!$H$6:$H$95,1) -> 0 | L63: =SUMIFS(ROBA_U_DOLASKU!$C$6:$C$95,ROBA_U_DOLASKU!$A$6:$A$95,A63,ROBA_U_DOLASKU!$H$6:$H$95,2) -> 0 | M63: =SUMIFS(ROBA_U_DOLASKU!$B$6:$B$95,ROBA_U_DOLASKU!$A$6:$A$95,A63,ROBA_U_DOLASKU!$H$6:$H$95,2) -> 0 | N63: =SUMIFS(ROBA_U_DOLASKU!$C$6:$C$95,ROBA_U_DOLASKU!$A$6:$A$95,A63,ROBA_U_DOLASKU!$H$6:$H$95,3) -> 0 | O63: =SUMIFS(ROBA_U_DOLASKU!$B$6:$B$95,ROBA_U_DOLASKU!$A$6:$A$95,A63,ROBA_U_DOLASKU!$H$6:$H$95,3) -> 0 | P63: =IF(H63<=0,999,IF(O63>0,ROUND((F63-H63*N63+K63+M63+O63)/H63,1),IF(M63>0,ROUND((F63-H63*L63+K63+M63)/H63,1),IF(K63>0,ROUND((F63-H63*J63+K63)/H63,1),I63)))) -> 1.2 | Q63: =IF(H63<=0,"Nema prodaje",IF(AND(K63=0,M63=0,O63=0),IF(I63<POSTAVKE!$B$6,"Naruči odmah","Sve u redu"),IF(F63-H63*J63<0,"Rupa za ~"&TEXT(I63,"0.0")&" mj.",IF(AND(M63>0,F63-H63*L63+K63<0),"Rupa nakon 1. dolaska",IF(AND(O63>0,F63-H63*N63+K63+M63<0),"Rupa nakon 2. dolaska",IF(P63<POSTAVKE!$B$6,"Količina nije dovoljna",IF(I63>=POSTAVKE!$B$6,"Sve u redu","Stiže na vrijeme"))))))) -> Naruči odmah | S63: =IFERROR(INDEX(PODACI_PRODAJA!B:B,MATCH($A63,PODACI_PRODAJA!$A:$A,0)),0) -> 100 | T63: =IFERROR(INDEX(PODACI_PRODAJA!C:C,MATCH($A63,PODACI_PRODAJA!$A:$A,0)),0) -> 88 | U63: =IFERROR(INDEX(PODACI_PRODAJA!D:D,MATCH($A63,PODACI_PRODAJA!$A:$A,0)),0) -> 145 | V63: =IFERROR(INDEX(PODACI_PRODAJA!E:E,MATCH($A63,PODACI_PRODAJA!$A:$A,0)),0) -> 182 | W63: =IFERROR(INDEX(PODACI_PRODAJA!F:F,MATCH($A63,PODACI_PRODAJA!$A:$A,0)),0) -> 76 | X63: =IFERROR(INDEX(PODACI_PRODAJA!G:G,MATCH($A63,PODACI_PRODAJA!$A:$A,0)),0) -> 15 | Y63: =IFERROR(INDEX(PODACI_PRODAJA!H:H,MATCH($A63,PODACI_PRODAJA!$A:$A,0)),0) -> 144 | Z63: =IFERROR(INDEX(PODACI_PRODAJA!I:I,MATCH($A63,PODACI_PRODAJA!$A:$A,0)),0) -> 147 | AA63: =IFERROR(INDEX(PODACI_PRODAJA!J:J,MATCH($A63,PODACI_PRODAJA!$A:$A,0)),0) -> 76 | AB63: =IFERROR(INDEX(PODACI_PRODAJA!K:K,MATCH($A63,PODACI_PRODAJA!$A:$A,0)),0) -> 0 | AC63: =IFERROR(INDEX(PODACI_PRODAJA!L:L,MATCH($A63,PODACI_PRODAJA!$A:$A,0)),0) -> 0 | AD63: =IFERROR(INDEX(PODACI_PRODAJA!M:M,MATCH($A63,PODACI_PRODAJA!$A:$A,0)),0) -> 0
A64: =PODACI_ZALIHE!A61 -> 17216 | B64: =PODACI_ZALIHE!B61 -> IMOLA ZLATNA MIJEŠALICA ZA UMIVAONIK | C64: =PODACI_ZALIHE!C61 -> 0 | D64: =PODACI_ZALIHE!D61 -> 0 | E64: =IF(PODACI_ZALIHE!E61="","",PODACI_ZALIHE!E61) -> 131 | F64: =PODACI_ZALIHE!F61 -> 131 | G64: =IF(E64="","",E64-F64) -> 0 | H64: =PODACI_PRODAJA!N606 -> 2 | I64: =IF(H64<=0,999,ROUND(F64/H64,1)) -> 65.5 | J64: =SUMIFS(ROBA_U_DOLASKU!$C$6:$C$95,ROBA_U_DOLASKU!$A$6:$A$95,A64,ROBA_U_DOLASKU!$H$6:$H$95,1) -> 0 | K64: =SUMIFS(ROBA_U_DOLASKU!$B$6:$B$95,ROBA_U_DOLASKU!$A$6:$A$95,A64,ROBA_U_DOLASKU!$H$6:$H$95,1) -> 0 | L64: =SUMIFS(ROBA_U_DOLASKU!$C$6:$C$95,ROBA_U_DOLASKU!$A$6:$A$95,A64,ROBA_U_DOLASKU!$H$6:$H$95,2) -> 0 | M64: =SUMIFS(ROBA_U_DOLASKU!$B$6:$B$95,ROBA_U_DOLASKU!$A$6:$A$95,A64,ROBA_U_DOLASKU!$H$6:$H$95,2) -> 0 | N64: =SUMIFS(ROBA_U_DOLASKU!$C$6:$C$95,ROBA_U_DOLASKU!$A$6:$A$95,A64,ROBA_U_DOLASKU!$H$6:$H$95,3) -> 0 | O64: =SUMIFS(ROBA_U_DOLASKU!$B$6:$B$95,ROBA_U_DOLASKU!$A$6:$A$95,A64,ROBA_U_DOLASKU!$H$6:$H$95,3) -> 0 | P64: =IF(H64<=0,999,IF(O64>0,ROUND((F64-H64*N64+K64+M64+O64)/H64,1),IF(M64>0,ROUND((F64-H64*L64+K64+M64)/H64,1),IF(K64>0,ROUND((F64-H64*J64+K64)/H64,1),I64)))) -> 65.5 | Q64: =IF(H64<=0,"Nema prodaje",IF(AND(K64=0,M64=0,O64=0),IF(I64<POSTAVKE!$B$6,"Naruči odmah","Sve u redu"),IF(F64-H64*J64<0,"Rupa za ~"&TEXT(I64,"0.0")&" mj.",IF(AND(M64>0,F64-H64*L64+K64<0),"Rupa nakon 1. dolaska",IF(AND(O64>0,F64-H64*N64+K64+M64<0),"Rupa nakon 2. dolaska",IF(P64<POSTAVKE!$B$6,"Količina nije dovoljna",IF(I64>=POSTAVKE!$B$6,"Sve u redu","Stiže na vrijeme"))))))) -> Sve u redu | S64: =IFERROR(INDEX(PODACI_PRODAJA!B:B,MATCH($A64,PODACI_PRODAJA!$A:$A,0)),0) -> 0 | T64: =IFERROR(INDEX(PODACI_PRODAJA!C:C,MATCH($A64,PODACI_PRODAJA!$A:$A,0)),0) -> 1 | U64: =IFERROR(INDEX(PODACI_PRODAJA!D:D,MATCH($A64,PODACI_PRODAJA!$A:$A,0)),0) -> 0 | V64: =IFERROR(INDEX(PODACI_PRODAJA!E:E,MATCH($A64,PODACI_PRODAJA!$A:$A,0)),0) -> 3 | W64: =IFERROR(INDEX(PODACI_PRODAJA!F:F,MATCH($A64,PODACI_PRODAJA!$A:$A,0)),0) -> 9 | X64: =IFERROR(INDEX(PODACI_PRODAJA!G:G,MATCH($A64,PODACI_PRODAJA!$A:$A,0)),0) -> -1 | Y64: =IFERROR(INDEX(PODACI_PRODAJA!H:H,MATCH($A64,PODACI_PRODAJA!$A:$A,0)),0) -> 2 | Z64: =IFERROR(INDEX(PODACI_PRODAJA!I:I,MATCH($A64,PODACI_PRODAJA!$A:$A,0)),0) -> 2 | AA64: =IFERROR(INDEX(PODACI_PRODAJA!J:J,MATCH($A64,PODACI_PRODAJA!$A:$A,0)),0) -> 0 | AB64: =IFERROR(INDEX(PODACI_PRODAJA!K:K,MATCH($A64,PODACI_PRODAJA!$A:$A,0)),0) -> 0 | AC64: =IFERROR(INDEX(PODACI_PRODAJA!L:L,MATCH($A64,PODACI_PRODAJA!$A:$A,0)),0) -> 0 | AD64: =IFERROR(INDEX(PODACI_PRODAJA!M:M,MATCH($A64,PODACI_PRODAJA!$A:$A,0)),0) -> 0
A65: =PODACI_ZALIHE!A62 -> 040113 | B65: =PODACI_ZALIHE!B62 -> AOSTA - MJEŠALICA ZA UMIVAONIK VISOKA | C65: =PODACI_ZALIHE!C62 -> 4053 | D65: =PODACI_ZALIHE!D62 -> TAIZHOU ZHENGSHING VALVE CO .,LTD | E65: =IF(PODACI_ZALIHE!E62="","",PODACI_ZALIHE!E62) -> 125 | F65: =PODACI_ZALIHE!F62 -> 125 | G65: =IF(E65="","",E65-F65) -> 0 | H65: =PODACI_PRODAJA!N114 -> 7.38 | I65: =IF(H65<=0,999,ROUND(F65/H65,1)) -> 16.9 | J65: =SUMIFS(ROBA_U_DOLASKU!$C$6:$C$95,ROBA_U_DOLASKU!$A$6:$A$95,A65,ROBA_U_DOLASKU!$H$6:$H$95,1) -> 0 | K65: =SUMIFS(ROBA_U_DOLASKU!$B$6:$B$95,ROBA_U_DOLASKU!$A$6:$A$95,A65,ROBA_U_DOLASKU!$H$6:$H$95,1) -> 0 | L65: =SUMIFS(ROBA_U_DOLASKU!$C$6:$C$95,ROBA_U_DOLASKU!$A$6:$A$95,A65,ROBA_U_DOLASKU!$H$6:$H$95,2) -> 0 | M65: =SUMIFS(ROBA_U_DOLASKU!$B$6:$B$95,ROBA_U_DOLASKU!$A$6:$A$95,A65,ROBA_U_DOLASKU!$H$6:$H$95,2) -> 0 | N65: =SUMIFS(ROBA_U_DOLASKU!$C$6:$C$95,ROBA_U_DOLASKU!$A$6:$A$95,A65,ROBA_U_DOLASKU!$H$6:$H$95,3) -> 0 | O65: =SUMIFS(ROBA_U_DOLASKU!$B$6:$B$95,ROBA_U_DOLASKU!$A$6:$A$95,A65,ROBA_U_DOLASKU!$H$6:$H$95,3) -> 0 | P65: =IF(H65<=0,999,IF(O65>0,ROUND((F65-H65*N65+K65+M65+O65)/H65,1),IF(M65>0,ROUND((F65-H65*L65+K65+M65)/H65,1),IF(K65>0,ROUND((F65-H65*J65+K65)/H65,1),I65)))) -> 16.9 | Q65: =IF(H65<=0,"Nema prodaje",IF(AND(K65=0,M65=0,O65=0),IF(I65<POSTAVKE!$B$6,"Naruči odmah","Sve u redu"),IF(F65-H65*J65<0,"Rupa za ~"&TEXT(I65,"0.0")&" mj.",IF(AND(M65>0,F65-H65*L65+K65<0),"Rupa nakon 1. dolaska",IF(AND(O65>0,F65-H65*N65+K65+M65<0),"Rupa nakon 2. dolaska",IF(P65<POSTAVKE!$B$6,"Količina nije dovoljna",IF(I65>=POSTAVKE!$B$6,"Sve u redu","Stiže na vrijeme"))))))) -> Sve u redu | S65: =IFERROR(INDEX(PODACI_PRODAJA!B:B,MATCH($A65,PODACI_PRODAJA!$A:$A,0)),0) -> 5 | T65: =IFERROR(INDEX(PODACI_PRODAJA!C:C,MATCH($A65,PODACI_PRODAJA!$A:$A,0)),0) -> 8 | U65: =IFERROR(INDEX(PODACI_PRODAJA!D:D,MATCH($A65,PODACI_PRODAJA!$A:$A,0)),0) -> 12 | V65: =IFERROR(INDEX(PODACI_PRODAJA!E:E,MATCH($A65,PODACI_PRODAJA!$A:$A,0)),0) -> 5 | W65: =IFERROR(INDEX(PODACI_PRODAJA!F:F,MATCH($A65,PODACI_PRODAJA!$A:$A,0)),0) -> 6 | X65: =IFERROR(INDEX(PODACI_PRODAJA!G:G,MATCH($A65,PODACI_PRODAJA!$A:$A,0)),0) -> 8 | Y65: =IFERROR(INDEX(PODACI_PRODAJA!H:H,MATCH($A65,PODACI_PRODAJA!$A:$A,0)),0) -> 9 | Z65: =IFERROR(INDEX(PODACI_PRODAJA!I:I,MATCH($A65,PODACI_PRODAJA!$A:$A,0)),0) -> 6 | AA65: =IFERROR(INDEX(PODACI_PRODAJA!J:J,MATCH($A65,PODACI_PRODAJA!$A:$A,0)),0) -> 0 | AB65: =IFERROR(INDEX(PODACI_PRODAJA!K:K,MATCH($A65,PODACI_PRODAJA!$A:$A,0)),0) -> 0 | AC65: =IFERROR(INDEX(PODACI_PRODAJA!L:L,MATCH($A65,PODACI_PRODAJA!$A:$A,0)),0) -> 0 | AD65: =IFERROR(INDEX(PODACI_PRODAJA!M:M,MATCH($A65,PODACI_PRODAJA!$A:$A,0)),0) -> 0
A66: =PODACI_ZALIHE!A63 -> 17208 | B66: =PODACI_ZALIHE!B63 -> IMOLA KROM MIJEŠALICA ZA KADU | C66: =PODACI_ZALIHE!C63 -> 0 | D66: =PODACI_ZALIHE!D63 -> 0 | E66: =IF(PODACI_ZALIHE!E63="","",PODACI_ZALIHE!E63) -> 121 | F66: =PODACI_ZALIHE!F63 -> 121 | G66: =IF(E66="","",E66-F66) -> 0 | H66: =PODACI_PRODAJA!N268 -> 1.38 | I66: =IF(H66<=0,999,ROUND(F66/H66,1)) -> 87.7 | J66: =SUMIFS(ROBA_U_DOLASKU!$C$6:$C$95,ROBA_U_DOLASKU!$A$6:$A$95,A66,ROBA_U_DOLASKU!$H$6:$H$95,1) -> 0 | K66: =SUMIFS(ROBA_U_DOLASKU!$B$6:$B$95,ROBA_U_DOLASKU!$A$6:$A$95,A66,ROBA_U_DOLASKU!$H$6:$H$95,1) -> 0 | L66: =SUMIFS(ROBA_U_DOLASKU!$C$6:$C$95,ROBA_U_DOLASKU!$A$6:$A$95,A66,ROBA_U_DOLASKU!$H$6:$H$95,2) -> 0 | M66: =SUMIFS(ROBA_U_DOLASKU!$B$6:$B$95,ROBA_U_DOLASKU!$A$6:$A$95,A66,ROBA_U_DOLASKU!$H$6:$H$95,2) -> 0 | N66: =SUMIFS(ROBA_U_DOLASKU!$C$6:$C$95,ROBA_U_DOLASKU!$A$6:$A$95,A66,ROBA_U_DOLASKU!$H$6:$H$95,3) -> 0 | O66: =SUMIFS(ROBA_U_DOLASKU!$B$6:$B$95,ROBA_U_DOLASKU!$A$6:$A$95,A66,ROBA_U_DOLASKU!$H$6:$H$95,3) -> 0 | P66: =IF(H66<=0,999,IF(O66>0,ROUND((F66-H66*N66+K66+M66+O66)/H66,1),IF(M66>0,ROUND((F66-H66*L66+K66+M66)/H66,1),IF(K66>0,ROUND((F66-H66*J66+K66)/H66,1),I66)))) -> 87.7 | Q66: =IF(H66<=0,"Nema prodaje",IF(AND(K66=0,M66=0,O66=0),IF(I66<POSTAVKE!$B$6,"Naruči odmah","Sve u redu"),IF(F66-H66*J66<0,"Rupa za ~"&TEXT(I66,"0.0")&" mj.",IF(AND(M66>0,F66-H66*L66+K66<0),"Rupa nakon 1. dolaska",IF(AND(O66>0,F66-H66*N66+K66+M66<0),"Rupa nakon 2. dolaska",IF(P66<POSTAVKE!$B$6,"Količina nije dovoljna",IF(I66>=POSTAVKE!$B$6,"Sve u redu","Stiže na vrijeme"))))))) -> Sve u redu | S66: =IFERROR(INDEX(PODACI_PRODAJA!B:B,MATCH($A66,PODACI_PRODAJA!$A:$A,0)),0) -> 1 | T66: =IFERROR(INDEX(PODACI_PRODAJA!C:C,MATCH($A66,PODACI_PRODAJA!$A:$A,0)),0) -> 0 | U66: =IFERROR(INDEX(PODACI_PRODAJA!D:D,MATCH($A66,PODACI_PRODAJA!$A:$A,0)),0) -> 1 | V66: =IFERROR(INDEX(PODACI_PRODAJA!E:E,MATCH($A66,PODACI_PRODAJA!$A:$A,0)),0) -> 1 | W66: =IFERROR(INDEX(PODACI_PRODAJA!F:F,MATCH($A66,PODACI_PRODAJA!$A:$A,0)),0) -> 2 | X66: =IFERROR(INDEX(PODACI_PRODAJA!G:G,MATCH($A66,PODACI_PRODAJA!$A:$A,0)),0) -> 5 | Y66: =IFERROR(INDEX(PODACI_PRODAJA!H:H,MATCH($A66,PODACI_PRODAJA!$A:$A,0)),0) -> 1 | Z66: =IFERROR(INDEX(PODACI_PRODAJA!I:I,MATCH($A66,PODACI_PRODAJA!$A:$A,0)),0) -> 0 | AA66: =IFERROR(INDEX(PODACI_PRODAJA!J:J,MATCH($A66,PODACI_PRODAJA!$A:$A,0)),0) -> 0 | AB66: =IFERROR(INDEX(PODACI_PRODAJA!K:K,MATCH($A66,PODACI_PRODAJA!$A:$A,0)),0) -> 0 | AC66: =IFERROR(INDEX(PODACI_PRODAJA!L:L,MATCH($A66,PODACI_PRODAJA!$A:$A,0)),0) -> 0 | AD66: =IFERROR(INDEX(PODACI_PRODAJA!M:M,MATCH($A66,PODACI_PRODAJA!$A:$A,0)),0) -> 0
A67: =PODACI_ZALIHE!A64 -> 18006 | B67: =PODACI_ZALIHE!B64 -> VETRO CR TRS 6mm ECO TUŠ STIJENA 140x200 | C67: =PODACI_ZALIHE!C64 -> 6762 | D67: =PODACI_ZALIHE!D64 -> ZHEJIANG QUICKLINE SHOWERING CO., LTD. | E67: =IF(PODACI_ZALIHE!E64="","",PODACI_ZALIHE!E64) -> 121 | F67: =PODACI_ZALIHE!F64 -> 121 | G67: =IF(E67="","",E67-F67) -> 0 | H67: =PODACI_PRODAJA!N647 -> 16.63 | I67: =IF(H67<=0,999,ROUND(F67/H67,1)) -> 7.3 | J67: =SUMIFS(ROBA_U_DOLASKU!$C$6:$C$95,ROBA_U_DOLASKU!$A$6:$A$95,A67,ROBA_U_DOLASKU!$H$6:$H$95,1) -> 0 | K67: =SUMIFS(ROBA_U_DOLASKU!$B$6:$B$95,ROBA_U_DOLASKU!$A$6:$A$95,A67,ROBA_U_DOLASKU!$H$6:$H$95,1) -> 0 | L67: =SUMIFS(ROBA_U_DOLASKU!$C$6:$C$95,ROBA_U_DOLASKU!$A$6:$A$95,A67,ROBA_U_DOLASKU!$H$6:$H$95,2) -> 0 | M67: =SUMIFS(ROBA_U_DOLASKU!$B$6:$B$95,ROBA_U_DOLASKU!$A$6:$A$95,A67,ROBA_U_DOLASKU!$H$6:$H$95,2) -> 0 | N67: =SUMIFS(ROBA_U_DOLASKU!$C$6:$C$95,ROBA_U_DOLASKU!$A$6:$A$95,A67,ROBA_U_DOLASKU!$H$6:$H$95,3) -> 0 | O67: =SUMIFS(ROBA_U_DOLASKU!$B$6:$B$95,ROBA_U_DOLASKU!$A$6:$A$95,A67,ROBA_U_DOLASKU!$H$6:$H$95,3) -> 0 | P67: =IF(H67<=0,999,IF(O67>0,ROUND((F67-H67*N67+K67+M67+O67)/H67,1),IF(M67>0,ROUND((F67-H67*L67+K67+M67)/H67,1),IF(K67>0,ROUND((F67-H67*J67+K67)/H67,1),I67)))) -> 7.3 | Q67: =IF(H67<=0,"Nema prodaje",IF(AND(K67=0,M67=0,O67=0),IF(I67<POSTAVKE!$B$6,"Naruči odmah","Sve u redu"),IF(F67-H67*J67<0,"Rupa za ~"&TEXT(I67,"0.0")&" mj.",IF(AND(M67>0,F67-H67*L67+K67<0),"Rupa nakon 1. dolaska",IF(AND(O67>0,F67-H67*N67+K67+M67<0),"Rupa nakon 2. dolaska",IF(P67<POSTAVKE!$B$6,"Količina nije dovoljna",IF(I67>=POSTAVKE!$B$6,"Sve u redu","Stiže na vrijeme"))))))) -> Sve u redu | S67: =IFERROR(INDEX(PODACI_PRODAJA!B:B,MATCH($A67,PODACI_PRODAJA!$A:$A,0)),0) -> 0 | T67: =IFERROR(INDEX(PODACI_PRODAJA!C:C,MATCH($A67,PODACI_PRODAJA!$A:$A,0)),0) -> 0 | U67: =IFERROR(INDEX(PODACI_PRODAJA!D:D,MATCH($A67,PODACI_PRODAJA!$A:$A,0)),0) -> 35 | V67: =IFERROR(INDEX(PODACI_PRODAJA!E:E,MATCH($A67,PODACI_PRODAJA!$A:$A,0)),0) -> 0 | W67: =IFERROR(INDEX(PODACI_PRODAJA!F:F,MATCH($A67,PODACI_PRODAJA!$A:$A,0)),0) -> 30 | X67: =IFERROR(INDEX(PODACI_PRODAJA!G:G,MATCH($A67,PODACI_PRODAJA!$A:$A,0)),0) -> 15 | Y67: =IFERROR(INDEX(PODACI_PRODAJA!H:H,MATCH($A67,PODACI_PRODAJA!$A:$A,0)),0) -> 0 | Z67: =IFERROR(INDEX(PODACI_PRODAJA!I:I,MATCH($A67,PODACI_PRODAJA!$A:$A,0)),0) -> 53 | AA67: =IFERROR(INDEX(PODACI_PRODAJA!J:J,MATCH($A67,PODACI_PRODAJA!$A:$A,0)),0) -> 0 | AB67: =IFERROR(INDEX(PODACI_PRODAJA!K:K,MATCH($A67,PODACI_PRODAJA!$A:$A,0)),0) -> 0 | AC67: =IFERROR(INDEX(PODACI_PRODAJA!L:L,MATCH($A67,PODACI_PRODAJA!$A:$A,0)),0) -> 0 | AD67: =IFERROR(INDEX(PODACI_PRODAJA!M:M,MATCH($A67,PODACI_PRODAJA!$A:$A,0)),0) -> 0
A68: =PODACI_ZALIHE!A65 -> 002941 | B68: =PODACI_ZALIHE!B65 -> PADOVA TUŠ SET S MIJEŠALICOM | C68: =PODACI_ZALIHE!C65 -> 6022 | D68: =PODACI_ZALIHE!D65 -> RUIAN HAIBA SANITARY CO.,LTD | E68: =IF(PODACI_ZALIHE!E65="","",PODACI_ZALIHE!E65) -> 121 | F68: =PODACI_ZALIHE!F65 -> 120 | G68: =IF(E68="","",E68-F68) -> 1 | H68: =PODACI_PRODAJA!N25 -> 37 | I68: =IF(H68<=0,999,ROUND(F68/H68,1)) -> 3.2 | J68: =SUMIFS(ROBA_U_DOLASKU!$C$6:$C$95,ROBA_U_DOLASKU!$A$6:$A$95,A68,ROBA_U_DOLASKU!$H$6:$H$95,1) -> 2.2 | K68: =SUMIFS(ROBA_U_DOLASKU!$B$6:$B$95,ROBA_U_DOLASKU!$A$6:$A$95,A68,ROBA_U_DOLASKU!$H$6:$H$95,1) -> 152 | L68: =SUMIFS(ROBA_U_DOLASKU!$C$6:$C$95,ROBA_U_DOLASKU!$A$6:$A$95,A68,ROBA_U_DOLASKU!$H$6:$H$95,2) -> 0 | M68: =SUMIFS(ROBA_U_DOLASKU!$B$6:$B$95,ROBA_U_DOLASKU!$A$6:$A$95,A68,ROBA_U_DOLASKU!$H$6:$H$95,2) -> 0 | N68: =SUMIFS(ROBA_U_DOLASKU!$C$6:$C$95,ROBA_U_DOLASKU!$A$6:$A$95,A68,ROBA_U_DOLASKU!$H$6:$H$95,3) -> 0 | O68: =SUMIFS(ROBA_U_DOLASKU!$B$6:$B$95,ROBA_U_DOLASKU!$A$6:$A$95,A68,ROBA_U_DOLASKU!$H$6:$H$95,3) -> 0 | P68: =IF(H68<=0,999,IF(O68>0,ROUND((F68-H68*N68+K68+M68+O68)/H68,1),IF(M68>0,ROUND((F68-H68*L68+K68+M68)/H68,1),IF(K68>0,ROUND((F68-H68*J68+K68)/H68,1),I68)))) -> 5.2 | Q68: =IF(H68<=0,"Nema prodaje",IF(AND(K68=0,M68=0,O68=0),IF(I68<POSTAVKE!$B$6,"Naruči odmah","Sve u redu"),IF(F68-H68*J68<0,"Rupa za ~"&TEXT(I68,"0.0")&" mj.",IF(AND(M68>0,F68-H68*L68+K68<0),"Rupa nakon 1. dolaska",IF(AND(O68>0,F68-H68*N68+K68+M68<0),"Rupa nakon 2. dolaska",IF(P68<POSTAVKE!$B$6,"Količina nije dovoljna",IF(I68>=POSTAVKE!$B$6,"Sve u redu","Stiže na vrijeme"))))))) -> Stiže na vrijeme | S68: =IFERROR(INDEX(PODACI_PRODAJA!B:B,MATCH($A68,PODACI_PRODAJA!$A:$A,0)),0) -> 33 | T68: =IFERROR(INDEX(PODACI_PRODAJA!C:C,MATCH($A68,PODACI_PRODAJA!$A:$A,0)),0) -> 35 | U68: =IFERROR(INDEX(PODACI_PRODAJA!D:D,MATCH($A68,PODACI_PRODAJA!$A:$A,0)),0) -> 42 | V68: =IFERROR(INDEX(PODACI_PRODAJA!E:E,MATCH($A68,PODACI_PRODAJA!$A:$A,0)),0) -> 41 | W68: =IFERROR(INDEX(PODACI_PRODAJA!F:F,MATCH($A68,PODACI_PRODAJA!$A:$A,0)),0) -> 41 | X68: =IFERROR(INDEX(PODACI_PRODAJA!G:G,MATCH($A68,PODACI_PRODAJA!$A:$A,0)),0) -> 32 | Y68: =IFERROR(INDEX(PODACI_PRODAJA!H:H,MATCH($A68,PODACI_PRODAJA!$A:$A,0)),0) -> 32 | Z68: =IFERROR(INDEX(PODACI_PRODAJA!I:I,MATCH($A68,PODACI_PRODAJA!$A:$A,0)),0) -> 40 | AA68: =IFERROR(INDEX(PODACI_PRODAJA!J:J,MATCH($A68,PODACI_PRODAJA!$A:$A,0)),0) -> 1 | AB68: =IFERROR(INDEX(PODACI_PRODAJA!K:K,MATCH($A68,PODACI_PRODAJA!$A:$A,0)),0) -> 0 | AC68: =IFERROR(INDEX(PODACI_PRODAJA!L:L,MATCH($A68,PODACI_PRODAJA!$A:$A,0)),0) -> 0 | AD68: =IFERROR(INDEX(PODACI_PRODAJA!M:M,MATCH($A68,PODACI_PRODAJA!$A:$A,0)),0) -> 0
A69: =PODACI_ZALIHE!A66 -> 15008 | B69: =PODACI_ZALIHE!B66 -> ZAVRŠNI PROFIL ZA PANELE 10 mm | C69: =PODACI_ZALIHE!C66 -> 0 | D69: =PODACI_ZALIHE!D66 -> 0 | E69: =IF(PODACI_ZALIHE!E66="","",PODACI_ZALIHE!E66) -> 119 | F69: =PODACI_ZALIHE!F66 -> 119 | G69: =IF(E69="","",E69-F69) -> 0 | H69: 0 | I69: =IF(H69<=0,999,ROUND(F69/H69,1)) -> 999 | J69: =SUMIFS(ROBA_U_DOLASKU!$C$6:$C$95,ROBA_U_DOLASKU!$A$6:$A$95,A69,ROBA_U_DOLASKU!$H$6:$H$95,1) -> 0 | K69: =SUMIFS(ROBA_U_DOLASKU!$B$6:$B$95,ROBA_U_DOLASKU!$A$6:$A$95,A69,ROBA_U_DOLASKU!$H$6:$H$95,1) -> 0 | L69: =SUMIFS(ROBA_U_DOLASKU!$C$6:$C$95,ROBA_U_DOLASKU!$A$6:$A$95,A69,ROBA_U_DOLASKU!$H$6:$H$95,2) -> 0 | M69: =SUMIFS(ROBA_U_DOLASKU!$B$6:$B$95,ROBA_U_DOLASKU!$A$6:$A$95,A69,ROBA_U_DOLASKU!$H$6:$H$95,2) -> 0 | N69: =SUMIFS(ROBA_U_DOLASKU!$C$6:$C$95,ROBA_U_DOLASKU!$A$6:$A$95,A69,ROBA_U_DOLASKU!$H$6:$H$95,3) -> 0 | O69: =SUMIFS(ROBA_U_DOLASKU!$B$6:$B$95,ROBA_U_DOLASKU!$A$6:$A$95,A69,ROBA_U_DOLASKU!$H$6:$H$95,3) -> 0 | P69: =IF(H69<=0,999,IF(O69>0,ROUND((F69-H69*N69+K69+M69+O69)/H69,1),IF(M69>0,ROUND((F69-H69*L69+K69+M69)/H69,1),IF(K69>0,ROUND((F69-H69*J69+K69)/H69,1),I69)))) -> 999 | Q69: =IF(H69<=0,"Nema prodaje",IF(AND(K69=0,M69=0,O69=0),IF(I69<POSTAVKE!$B$6,"Naruči odmah","Sve u redu"),IF(F69-H69*J69<0,"Rupa za ~"&TEXT(I69,"0.0")&" mj.",IF(AND(M69>0,F69-H69*L69+K69<0),"Rupa nakon 1. dolaska",IF(AND(O69>0,F69-H69*N69+K69+M69<0),"Rupa nakon 2. dolaska",IF(P69<POSTAVKE!$B$6,"Količina nije dovoljna",IF(I69>=POSTAVKE!$B$6,"Sve u redu","Stiže na vrijeme"))))))) -> Nema prodaje | S69: =IFERROR(INDEX(PODACI_PRODAJA!B:B,MATCH($A69,PODACI_PRODAJA!$A:$A,0)),0) -> 0 | T69: =IFERROR(INDEX(PODACI_PRODAJA!C:C,MATCH($A69,PODACI_PRODAJA!$A:$A,0)),0) -> 0 | U69: =IFERROR(INDEX(PODACI_PRODAJA!D:D,MATCH($A69,PODACI_PRODAJA!$A:$A,0)),0) -> 0 | V69: =IFERROR(INDEX(PODACI_PRODAJA!E:E,MATCH($A69,PODACI_PRODAJA!$A:$A,0)),0) -> 0 | W69: =IFERROR(INDEX(PODACI_PRODAJA!F:F,MATCH($A69,PODACI_PRODAJA!$A:$A,0)),0) -> 0 | X69: =IFERROR(INDEX(PODACI_PRODAJA!G:G,MATCH($A69,PODACI_PRODAJA!$A:$A,0)),0) -> 0 | Y69: =IFERROR(INDEX(PODACI_PRODAJA!H:H,MATCH($A69,PODACI_PRODAJA!$A:$A,0)),0) -> 0 | Z69: =IFERROR(INDEX(PODACI_PRODAJA!I:I,MATCH($A69,PODACI_PRODAJA!$A:$A,0)),0) -> 0 | AA69: =IFERROR(INDEX(PODACI_PRODAJA!J:J,MATCH($A69,PODACI_PRODAJA!$A:$A,0)),0) -> 0 | AB69: =IFERROR(INDEX(PODACI_PRODAJA!K:K,MATCH($A69,PODACI_PRODAJA!$A:$A,0)),0) -> 0 | AC69: =IFERROR(INDEX(PODACI_PRODAJA!L:L,MATCH($A69,PODACI_PRODAJA!$A:$A,0)),0) -> 0 | AD69: =IFERROR(INDEX(PODACI_PRODAJA!M:M,MATCH($A69,PODACI_PRODAJA!$A:$A,0)),0) -> 0
A70: =PODACI_ZALIHE!A67 -> 16023 | B70: =PODACI_ZALIHE!B67 -> TK RONDA 90 POLUKRUŽNA TUŠ KABINA 90x90x185 cm | C70: =PODACI_ZALIHE!C67 -> 6163 | D70: =PODACI_ZALIHE!D67 -> HANGZHOU TIANMEI INDUSTRY CO.,LTD | E70: =IF(PODACI_ZALIHE!E67="","",PODACI_ZALIHE!E67) -> 128 | F70: =PODACI_ZALIHE!F67 -> 119 | G70: =IF(E70="","",E70-F70) -> 9 | H70: =PODACI_PRODAJA!N548 -> 0.25 | I70: =IF(H70<=0,999,ROUND(F70/H70,1)) -> 476 | J70: =SUMIFS(ROBA_U_DOLASKU!$C$6:$C$95,ROBA_U_DOLASKU!$A$6:$A$95,A70,ROBA_U_DOLASKU!$H$6:$H$95,1) -> 0 | K70: =SUMIFS(ROBA_U_DOLASKU!$B$6:$B$95,ROBA_U_DOLASKU!$A$6:$A$95,A70,ROBA_U_DOLASKU!$H$6:$H$95,1) -> 0 | L70: =SUMIFS(ROBA_U_DOLASKU!$C$6:$C$95,ROBA_U_DOLASKU!$A$6:$A$95,A70,ROBA_U_DOLASKU!$H$6:$H$95,2) -> 0 | M70: =SUMIFS(ROBA_U_DOLASKU!$B$6:$B$95,ROBA_U_DOLASKU!$A$6:$A$95,A70,ROBA_U_DOLASKU!$H$6:$H$95,2) -> 0 | N70: =SUMIFS(ROBA_U_DOLASKU!$C$6:$C$95,ROBA_U_DOLASKU!$A$6:$A$95,A70,ROBA_U_DOLASKU!$H$6:$H$95,3) -> 0 | O70: =SUMIFS(ROBA_U_DOLASKU!$B$6:$B$95,ROBA_U_DOLASKU!$A$6:$A$95,A70,ROBA_U_DOLASKU!$H$6:$H$95,3) -> 0 | P70: =IF(H70<=0,999,IF(O70>0,ROUND((F70-H70*N70+K70+M70+O70)/H70,1),IF(M70>0,ROUND((F70-H70*L70+K70+M70)/H70,1),IF(K70>0,ROUND((F70-H70*J70+K70)/H70,1),I70)))) -> 476 | Q70: =IF(H70<=0,"Nema prodaje",IF(AND(K70=0,M70=0,O70=0),IF(I70<POSTAVKE!$B$6,"Naruči odmah","Sve u redu"),IF(F70-H70*J70<0,"Rupa za ~"&TEXT(I70,"0.0")&" mj.",IF(AND(M70>0,F70-H70*L70+K70<0),"Rupa nakon 1. dolaska",IF(AND(O70>0,F70-H70*N70+K70+M70<0),"Rupa nakon 2. dolaska",IF(P70<POSTAVKE!$B$6,"Količina nije dovoljna",IF(I70>=POSTAVKE!$B$6,"Sve u redu","Stiže na vrijeme"))))))) -> Sve u redu | S70: =IFERROR(INDEX(PODACI_PRODAJA!B:B,MATCH($A70,PODACI_PRODAJA!$A:$A,0)),0) -> 0 | T70: =IFERROR(INDEX(PODACI_PRODAJA!C:C,MATCH($A70,PODACI_PRODAJA!$A:$A,0)),0) -> 0 | U70: =IFERROR(INDEX(PODACI_PRODAJA!D:D,MATCH($A70,PODACI_PRODAJA!$A:$A,0)),0) -> 0 | V70: =IFERROR(INDEX(PODACI_PRODAJA!E:E,MATCH($A70,PODACI_PRODAJA!$A:$A,0)),0) -> 0 | W70: =IFERROR(INDEX(PODACI_PRODAJA!F:F,MATCH($A70,PODACI_PRODAJA!$A:$A,0)),0) -> 0 | X70: =IFERROR(INDEX(PODACI_PRODAJA!G:G,MATCH($A70,PODACI_PRODAJA!$A:$A,0)),0) -> 0 | Y70: =IFERROR(INDEX(PODACI_PRODAJA!H:H,MATCH($A70,PODACI_PRODAJA!$A:$A,0)),0) -> 0 | Z70: =IFERROR(INDEX(PODACI_PRODAJA!I:I,MATCH($A70,PODACI_PRODAJA!$A:$A,0)),0) -> 2 | AA70: =IFERROR(INDEX(PODACI_PRODAJA!J:J,MATCH($A70,PODACI_PRODAJA!$A:$A,0)),0) -> 0 | AB70: =IFERROR(INDEX(PODACI_PRODAJA!K:K,MATCH($A70,PODACI_PRODAJA!$A:$A,0)),0) -> 0 | AC70: =IFERROR(INDEX(PODACI_PRODAJA!L:L,MATCH($A70,PODACI_PRODAJA!$A:$A,0)),0) -> 0 | AD70: =IFERROR(INDEX(PODACI_PRODAJA!M:M,MATCH($A70,PODACI_PRODAJA!$A:$A,0)),0) -> 0
A71: =PODACI_ZALIHE!A68 -> 17206 | B71: =PODACI_ZALIHE!B68 -> MESSINA VISOKA STOJEĆA MIJEŠALICA ZA SUDOPER | C71: =PODACI_ZALIHE!C68 -> 0 | D71: =PODACI_ZALIHE!D68 -> 0 | E71: =IF(PODACI_ZALIHE!E68="","",PODACI_ZALIHE!E68) -> 118 | F71: =PODACI_ZALIHE!F68 -> 118 | G71: =IF(E71="","",E71-F71) -> 0 | H71: =PODACI_PRODAJA!N109 -> 4.25 | I71: =IF(H71<=0,999,ROUND(F71/H71,1)) -> 27.8 | J71: =SUMIFS(ROBA_U_DOLASKU!$C$6:$C$95,ROBA_U_DOLASKU!$A$6:$A$95,A71,ROBA_U_DOLASKU!$H$6:$H$95,1) -> 0 | K71: =SUMIFS(ROBA_U_DOLASKU!$B$6:$B$95,ROBA_U_DOLASKU!$A$6:$A$95,A71,ROBA_U_DOLASKU!$H$6:$H$95,1) -> 0 | L71: =SUMIFS(ROBA_U_DOLASKU!$C$6:$C$95,ROBA_U_DOLASKU!$A$6:$A$95,A71,ROBA_U_DOLASKU!$H$6:$H$95,2) -> 0 | M71: =SUMIFS(ROBA_U_DOLASKU!$B$6:$B$95,ROBA_U_DOLASKU!$A$6:$A$95,A71,ROBA_U_DOLASKU!$H$6:$H$95,2) -> 0 | N71: =SUMIFS(ROBA_U_DOLASKU!$C$6:$C$95,ROBA_U_DOLASKU!$A$6:$A$95,A71,ROBA_U_DOLASKU!$H$6:$H$95,3) -> 0 | O71: =SUMIFS(ROBA_U_DOLASKU!$B$6:$B$95,ROBA_U_DOLASKU!$A$6:$A$95,A71,ROBA_U_DOLASKU!$H$6:$H$95,3) -> 0 | P71: =IF(H71<=0,999,IF(O71>0,ROUND((F71-H71*N71+K71+M71+O71)/H71,1),IF(M71>0,ROUND((F71-H71*L71+K71+M71)/H71,1),IF(K71>0,ROUND((F71-H71*J71+K71)/H71,1),I71)))) -> 27.8 | Q71: =IF(H71<=0,"Nema prodaje",IF(AND(K71=0,M71=0,O71=0),IF(I71<POSTAVKE!$B$6,"Naruči odmah","Sve u redu"),IF(F71-H71*J71<0,"Rupa za ~"&TEXT(I71,"0.0")&" mj.",IF(AND(M71>0,F71-H71*L71+K71<0),"Rupa nakon 1. dolaska",IF(AND(O71>0,F71-H71*N71+K71+M71<0),"Rupa nakon 2. dolaska",IF(P71<POSTAVKE!$B$6,"Količina nije dovoljna",IF(I71>=POSTAVKE!$B$6,"Sve u redu","Stiže na vrijeme"))))))) -> Sve u redu | S71: =IFERROR(INDEX(PODACI_PRODAJA!B:B,MATCH($A71,PODACI_PRODAJA!$A:$A,0)),0) -> 6 | T71: =IFERROR(INDEX(PODACI_PRODAJA!C:C,MATCH($A71,PODACI_PRODAJA!$A:$A,0)),0) -> 0 | U71: =IFERROR(INDEX(PODACI_PRODAJA!D:D,MATCH($A71,PODACI_PRODAJA!$A:$A,0)),0) -> 2 | V71: =IFERROR(INDEX(PODACI_PRODAJA!E:E,MATCH($A71,PODACI_PRODAJA!$A:$A,0)),0) -> 3 | W71: =IFERROR(INDEX(PODACI_PRODAJA!F:F,MATCH($A71,PODACI_PRODAJA!$A:$A,0)),0) -> 0 | X71: =IFERROR(INDEX(PODACI_PRODAJA!G:G,MATCH($A71,PODACI_PRODAJA!$A:$A,0)),0) -> 6 | Y71: =IFERROR(INDEX(PODACI_PRODAJA!H:H,MATCH($A71,PODACI_PRODAJA!$A:$A,0)),0) -> 14 | Z71: =IFERROR(INDEX(PODACI_PRODAJA!I:I,MATCH($A71,PODACI_PRODAJA!$A:$A,0)),0) -> 3 | AA71: =IFERROR(INDEX(PODACI_PRODAJA!J:J,MATCH($A71,PODACI_PRODAJA!$A:$A,0)),0) -> 0 | AB71: =IFERROR(INDEX(PODACI_PRODAJA!K:K,MATCH($A71,PODACI_PRODAJA!$A:$A,0)),0) -> 0 | AC71: =IFERROR(INDEX(PODACI_PRODAJA!L:L,MATCH($A71,PODACI_PRODAJA!$A:$A,0)),0) -> 0 | AD71: =IFERROR(INDEX(PODACI_PRODAJA!M:M,MATCH($A71,PODACI_PRODAJA!$A:$A,0)),0) -> 0
